{"dataset": "cornell", "seed": 134000, "method": "selective_graph_correction", "selected_threshold_high": 0.05, "selected_weights": {"b1": 1.0, "b2": 0.6, "b3": 0.0, "b4": 0.5, "b5": 0.3}, "mode": "feature_first_selective_weighted_correction_v1", "feature_knn_used": false, "feature_knn_k": 5, "runtime_sec": {"mlp_training_runtime_sec": 0.0, "evidence_runtime_sec": 0.009549399022944272, "selection_runtime_sec": 0.002237180946394801, "inference_runtime_sec": 1.4135963283479214e-05, "selective_overhead_runtime_sec": 0.011800715932622552, "total_runtime_sec": 0.011800715932622552, "avg_runtime_overhead_over_mlp_sec": 0.011800715932622552}, "summary": {"val_acc_mlp": 0.6610169491525424, "val_acc_selective": 0.6610169491525424, "test_acc_mlp": 0.6756756756756757, "test_acc_selective": 0.6756756756756757, "val_fraction_uncertain": 0.01694915254237288, "test_fraction_uncertain": 0.02702702702702703, "val_fraction_changed_from_mlp": 0.01694915254237288, "test_fraction_changed_from_mlp": 0.0, "acc_val_confident": 0.6724137931034483, "acc_val_uncertain": 0.0, "acc_test_confident": 0.6944444444444444, "acc_test_uncertain": 0.0}, "test_node_diagnostics": [{"node_id": 7, "mlp_pred": 2, "mlp_max_prob": 0.9730289578437805, "mlp_margin": 0.9576043430715799, "was_uncertain": false, "final_pred": 2, "changed_from_mlp": false, "selected_threshold_high": 0.05, "selected_method_mode": "feature_first_selective_weighted_correction_v1", "winning_class_components": {"mlp_term": -0.02734143583736934, "feature_similarity_term": 0.3000010371208191, "feature_knn_term": 0.0, "graph_neighbor_term": 0.05560915182458079, "compatibility_term": 0.09954186156854597}}, {"node_id": 12, "mlp_pred": 4, "mlp_max_prob": 0.6404614448547363, "mlp_margin": 0.41802483797073364, "was_uncertain": false, "final_pred": 4, "changed_from_mlp": false, "selected_threshold_high": 0.05, "selected_method_mode": "feature_first_selective_weighted_correction_v1", "winning_class_components": {"mlp_term": -0.44556635484399165, "feature_similarity_term": 0.30000021457672116, "feature_knn_term": 0.0, "graph_neighbor_term": 0.0024754964080343105, "compatibility_term": 0.05398740171501224}}, {"node_id": 14, "mlp_pred": 3, "mlp_max_prob": 0.9957374334335327, "mlp_margin": 0.9939265028806403, "was_uncertain": false, "final_pred": 3, "changed_from_mlp": false, "selected_threshold_high": 0.05, "selected_method_mode": "feature_first_selective_weighted_correction_v1", "winning_class_components": {"mlp_term": -0.004271677202346044, "feature_similarity_term": 0.34686970710754395, "feature_knn_term": 0.0, "graph_neighbor_term": 0.0, "compatibility_term": 0.1575}}, {"node_id": 15, "mlp_pred": 3, "mlp_max_prob": 0.8016898036003113, "mlp_margin": 0.6257022172212601, "was_uncertain": false, "final_pred": 3, "changed_from_mlp": false, "selected_threshold_high": 0.05, "selected_method_mode": "feature_first_selective_weighted_correction_v1", "winning_class_components": {"mlp_term": -0.22103352448696767, "feature_similarity_term": 0.30000067949295045, "feature_knn_term": 0.0, "graph_neighbor_term": 0.0, "compatibility_term": 0.1575}}, {"node_id": 23, "mlp_pred": 3, "mlp_max_prob": 0.9996039271354675, "mlp_margin": 0.9994562292267801, "was_uncertain": false, "final_pred": 3, "changed_from_mlp": false, "selected_threshold_high": 0.05, "selected_method_mode": "feature_first_selective_weighted_correction_v1", "winning_class_components": {"mlp_term": -0.0003961513221067749, "feature_similarity_term": 0.355851137638092, "feature_knn_term": 0.0, "graph_neighbor_term": 0.2467848177164849, "compatibility_term": 0.11615833060693703}}, {"node_id": 24, "mlp_pred": 1, "mlp_max_prob": 0.4684884548187256, "mlp_margin": 0.1984250843524933, "was_uncertain": false, "final_pred": 1, "changed_from_mlp": false, "selected_threshold_high": 0.05, "selected_method_mode": "feature_first_selective_weighted_correction_v1", "winning_class_components": {"mlp_term": -0.7582438204702128, "feature_similarity_term": 0.3000005722045898, "feature_knn_term": 0.0, "graph_neighbor_term": 0.10733221098717026, "compatibility_term": 0.06237193799619686}}, {"node_id": 25, "mlp_pred": 0, "mlp_max_prob": 0.6345387697219849, "mlp_margin": 0.30642619729042053, "was_uncertain": false, "final_pred": 0, "changed_from_mlp": false, "selected_threshold_high": 0.05, "selected_method_mode": "feature_first_selective_weighted_correction_v1", "winning_class_components": {"mlp_term": -0.454856890901668, "feature_similarity_term": 0.3000008583068848, "feature_knn_term": 0.0, "graph_neighbor_term": 0.0001310503556737497, "compatibility_term": 0.1723204432104217}}, {"node_id": 33, "mlp_pred": 0, "mlp_max_prob": 0.9114881753921509, "mlp_margin": 0.8696575202047825, "was_uncertain": false, "final_pred": 0, "changed_from_mlp": false, "selected_threshold_high": 0.05, "selected_method_mode": "feature_first_selective_weighted_correction_v1", "winning_class_components": {"mlp_term": -0.09267665763856828, "feature_similarity_term": 0.3000011444091797, "feature_knn_term": 0.0, "graph_neighbor_term": 0.48551662196375106, "compatibility_term": 0.025337859050340153}}, {"node_id": 40, "mlp_pred": 3, "mlp_max_prob": 0.8454001545906067, "mlp_margin": 0.7885254211723804, "was_uncertain": false, "final_pred": 3, "changed_from_mlp": false, "selected_threshold_high": 0.05, "selected_method_mode": "feature_first_selective_weighted_correction_v1", "winning_class_components": {"mlp_term": -0.16794520798856208, "feature_similarity_term": 0.3000008583068848, "feature_knn_term": 0.0, "graph_neighbor_term": 0.0, "compatibility_term": 0.1575}}, {"node_id": 46, "mlp_pred": 4, "mlp_max_prob": 0.7557663917541504, "mlp_margin": 0.6271651983261108, "was_uncertain": false, "final_pred": 4, "changed_from_mlp": false, "selected_threshold_high": 0.05, "selected_method_mode": "feature_first_selective_weighted_correction_v1", "winning_class_components": {"mlp_term": -0.28002295617088, "feature_similarity_term": 0.2999999105930328, "feature_knn_term": 0.0, "graph_neighbor_term": 0.25, "compatibility_term": 0.0375}}, {"node_id": 47, "mlp_pred": 3, "mlp_max_prob": 0.9883211255073547, "mlp_margin": 0.9834514446556568, "was_uncertain": false, "final_pred": 3, "changed_from_mlp": false, "selected_threshold_high": 0.05, "selected_method_mode": "feature_first_selective_weighted_correction_v1", "winning_class_components": {"mlp_term": -0.011747608226556837, "feature_similarity_term": 0.30000096559524536, "feature_knn_term": 0.0, "graph_neighbor_term": 0.06612158550163567, "compatibility_term": 0.03299548222166453}}, {"node_id": 59, "mlp_pred": 3, "mlp_max_prob": 0.6966884136199951, "mlp_margin": 0.4788641482591629, "was_uncertain": false, "final_pred": 3, "changed_from_mlp": false, "selected_threshold_high": 0.05, "selected_method_mode": "feature_first_selective_weighted_correction_v1", "winning_class_components": {"mlp_term": -0.36141700745610955, "feature_similarity_term": 0.3000010371208191, "feature_knn_term": 0.0, "graph_neighbor_term": 0.0, "compatibility_term": 0.1575}}, {"node_id": 64, "mlp_pred": 0, "mlp_max_prob": 0.9662482738494873, "mlp_margin": 0.9407366942614317, "was_uncertain": false, "final_pred": 0, "changed_from_mlp": false, "selected_threshold_high": 0.05, "selected_method_mode": "feature_first_selective_weighted_correction_v1", "winning_class_components": {"mlp_term": -0.03433446552506371, "feature_similarity_term": 0.30000118017196653, "feature_knn_term": 0.0, "graph_neighbor_term": 0.0, "compatibility_term": 0.06986301369863013}}, {"node_id": 65, "mlp_pred": 0, "mlp_max_prob": 0.9442015886306763, "mlp_margin": 0.9107338935136795, "was_uncertain": false, "final_pred": 0, "changed_from_mlp": false, "selected_threshold_high": 0.05, "selected_method_mode": "feature_first_selective_weighted_correction_v1", "winning_class_components": {"mlp_term": -0.057415588356352056, "feature_similarity_term": 0.3000008583068848, "feature_knn_term": 0.0, "graph_neighbor_term": 0.0012834182578353585,