{"dataset": "cornell", "seed": 133701, "method": "selective_graph_correction", "selected_threshold_high": 0.05, "selected_weights": {"b1": 1.0, "b2": 0.6, "b3": 0.0, "b4": 0.5, "b5": 0.3}, "mode": "feature_first_selective_weighted_correction_v1", "feature_knn_used": false, "feature_knn_k": 5, "runtime_sec": {"mlp_training_runtime_sec": 0.0, "evidence_runtime_sec": 0.008500820957124233, "selection_runtime_sec": 0.0020279670134186745, "inference_runtime_sec": 1.0629999451339245e-05, "selective_overhead_runtime_sec": 0.010539417969994247, "total_runtime_sec": 0.010539417969994247, "avg_runtime_overhead_over_mlp_sec": 0.010539417969994247}, "summary": {"val_acc_mlp": 0.7627118644067796, "val_acc_selective": 0.7796610169491526, "test_acc_mlp": 0.7837837837837838, "test_acc_selective": 0.7837837837837838, "val_fraction_uncertain": 0.05084745762711865, "test_fraction_uncertain": 0.05405405405405406, "val_fraction_changed_from_mlp": 0.01694915254237288, "test_fraction_changed_from_mlp": 0.0, "acc_val_confident": 0.7857142857142857, "acc_val_uncertain": 0.6666666666666666, "acc_test_confident": 0.8285714285714286, "acc_test_uncertain": 0.0}, "test_node_diagnostics": [{"node_id": 0, "mlp_pred": 3, "mlp_max_prob": 0.894172728061676, "mlp_margin": 0.8039331436157227, "was_uncertain": false, "final_pred": 3, "changed_from_mlp": false, "selected_threshold_high": 0.05, "selected_method_mode": "feature_first_selective_weighted_correction_v1", "winning_class_components": {"mlp_term": -0.11185631434822836, "feature_similarity_term": 0.36014206409454347, "feature_knn_term": 0.0, "graph_neighbor_term": 0.0014052176769531275, "compatibility_term": 0.06351039099049893}}, {"node_id": 3, "mlp_pred": 3, "mlp_max_prob": 0.6991276144981384, "mlp_margin": 0.4148823618888855, "was_uncertain": false, "final_pred": 3, "changed_from_mlp": false, "selected_threshold_high": 0.05, "selected_method_mode": "feature_first_selective_weighted_correction_v1", "winning_class_components": {"mlp_term": -0.357921986175447, "feature_similarity_term": 0.30000035762786864, "feature_knn_term": 0.0, "graph_neighbor_term": 0.03615211801490907, "compatibility_term": 0.08834087990980813}}, {"node_id": 13, "mlp_pred": 3, "mlp_max_prob": 0.9876854419708252, "mlp_margin": 0.9832588545978069, "was_uncertain": false, "final_pred": 3, "changed_from_mlp": false, "selected_threshold_high": 0.05, "selected_method_mode": "feature_first_selective_weighted_correction_v1", "winning_class_components": {"mlp_term": -0.012391010499526121, "feature_similarity_term": 0.30000207424163816, "feature_knn_term": 0.0, "graph_neighbor_term": 0.12571086525206412, "compatibility_term": 0.08556502376715183}}, {"node_id": 16, "mlp_pred": 2, "mlp_max_prob": 0.6712974309921265, "mlp_margin": 0.4207136034965515, "was_uncertain": false, "final_pred": 2, "changed_from_mlp": false, "selected_threshold_high": 0.05, "selected_method_mode": "feature_first_selective_weighted_correction_v1", "winning_class_components": {"mlp_term": -0.39854297495950664, "feature_similarity_term": 0.30000067949295045, "feature_knn_term": 0.0, "graph_neighbor_term": 0.03351561190298589, "compatibility_term": 0.07251938528287406}}, {"node_id": 29, "mlp_pred": 2, "mlp_max_prob": 0.6780830025672913, "mlp_margin": 0.4608567953109741, "was_uncertain": false, "final_pred": 2, "changed_from_mlp": false, "selected_threshold_high": 0.05, "selected_method_mode": "feature_first_selective_weighted_correction_v1", "winning_class_components": {"mlp_term": -0.38848557586916316, "feature_similarity_term": 0.3000008940696716, "feature_knn_term": 0.0, "graph_neighbor_term": 0.016757806357272934, "compatibility_term": 0.06959302604563036}}, {"node_id": 38, "mlp_pred": 3, "mlp_max_prob": 0.6399481296539307, "mlp_margin": 0.46582362055778503, "was_uncertain": false, "final_pred": 3, "changed_from_mlp": false, "selected_threshold_high": 0.05, "selected_method_mode": "feature_first_selective_weighted_correction_v1", "winning_class_components": {"mlp_term": -0.44636815332867213, "feature_similarity_term": 0.3000011086463928, "feature_knn_term": 0.0, "graph_neighbor_term": 0.07990111165052588, "compatibility_term": 0.05695014736531923}}, {"node_id": 41, "mlp_pred": 0, "mlp_max_prob": 0.6287102103233337, "mlp_margin": 0.5059751570224762, "was_uncertain": false, "final_pred": 0, "changed_from_mlp": false, "selected_threshold_high": 0.05, "selected_method_mode": "feature_first_selective_weighted_correction_v1", "winning_class_components": {"mlp_term": -0.46408484335067707, "feature_similarity_term": 0.3116906762123108, "feature_knn_term": 0.0, "graph_neighbor_term": 0.31457891658453374, "compatibility_term": 0.03999517160985654}}, {"node_id": 45, "mlp_pred": 3, "mlp_max_prob": 0.9618566036224365, "mlp_margin": 0.9351191855967045, "was_uncertain": false, "final_pred": 3, "changed_from_mlp": false, "selected_threshold_high": 0.05, "selected_method_mode": "feature_first_selective_weighted_correction_v1", "winning_class_components": {"mlp_term": -0.03888990011061629, "feature_similarity_term": 0.3000011086463928, "feature_knn_term": 0.0, "graph_neighbor_term": 0.06198719216200151, "compatibility_term": 0.08571788726336596}}, {"node_id": 51, "mlp_pred": 0, "mlp_max_prob": 0.9967159032821655, "mlp_margin": 0.995806519233156, "was_uncertain": false, "final_pred": 0, "changed_from_mlp": false, "selected_threshold_high": 0.05, "selected_method_mode": "feature_first_selective_weighted_correction_v1", "winning_class_components": {"mlp_term": -0.0032895011992642915, "feature_similarity_term": 0.30000121593475343, "feature_knn_term": 0.0, "graph_neighbor_term": 0.5, "compatibility_term": 0.02222222222222222}}, {"node_id": 55, "mlp_pred": 3, "mlp_max_prob": 0.8052655458450317, "mlp_margin": 0.7307039052248001, "was_uncertain": false, "final_pred": 3, "changed_from_mlp": false, "selected_threshold_high": 0.05, "selected_method_mode": "feature_first_selective_weighted_correction_v1", "winning_class_components": {"mlp_term": -0.21658318534397678, "feature_similarity_term": 0.3000004649162292, "feature_knn_term": 0.0, "graph_neighbor_term": 0.06198719216200151, "compatibility_term": 0.08571788726336596}}, {"node_id": 56, "mlp_pred": 3, "mlp_max_prob": 0.9250555038452148, "mlp_margin": 0.8974159229546785, "was_uncertain": false, "final_pred": 3, "changed_from_mlp": false, "selected_threshold_high": 0.05, "selected_method_mode": "feature_first_selective_weighted_correction_v1", "winning_class_components": {"mlp_term": -0.07790153911290025, "feature_similarity_term": 0.3000008583068848, "feature_knn_term": 0.0, "graph_neighbor_term": 0.0, "compatibility_term": 0.10769230769230768}}, {"node_id": 57, "mlp_pred": 0, "mlp_max_prob": 0.6264092922210693, "mlp_margin": 0.48356838524341583, "was_uncertain": false, "final_pred": 0, "changed_from_mlp": false, "selected_threshold_high": 0.05, "selected_method_mode": "feature_first_selective_weighted_correction_v1", "winning_class_components": {"mlp_term": -0.4677513000907479, "feature_similarity_term": 0.3000001788139343, "feature_knn_term": 0.0, "graph_neighbor_term": 0.058508827853338705, "compatibility_term": 0.10674354544180249}}, {"node_id": 58, "mlp_pred": 4, "mlp_max_prob": 0.3747439384460449, "mlp_margin": 0.018828928470611572, "was_uncertain": true, "final_pred": 4, "changed_from_mlp": false, "selected_threshold_high": 0.05, "selected_method_mode": "feature_first_selective_weighted_correction_v1", "winning_class_components": {"mlp_term": -0.9815123170574105, "feature_similarity_term": 0.30000021457672116, "feature_knn_term": 0.0, "graph_neighbor_term": 0.07142045003002193, "compatibility_term": 0.03988419139602198}}, {"node_id": 60, "mlp_pred": 2, "mlp_max_prob": 0.7988505959510803, "mlp_margin": 0.6828678697347641, "was_uncertain": false, "final_pred": 2, "changed_from_mlp": false, "selected_threshold_high": 0.05, "selected_method_mode": "feature_first_selective_weighted_correction_v1", "winning_class_components": {"mlp_term": -0.22458133949759318,