{"dataset": "texas", "seed": 133702, "method": "selective_graph_correction", "selected_threshold_high": 0.05, "selected_weights": {"b1": 1.0, "b2": 0.6, "b3": 0.0, "b4": 0.5, "b5": 0.3}, "mode": "feature_first_selective_weighted_correction_v1", "feature_knn_used": false, "feature_knn_k": 5, "runtime_sec": {"mlp_training_runtime_sec": 0.0, "evidence_runtime_sec": 0.008556041051633656, "selection_runtime_sec": 0.002461333991959691, "inference_runtime_sec": 1.0529998689889908e-05, "selective_overhead_runtime_sec": 0.011027905042283237, "total_runtime_sec": 0.011027905042283237, "avg_runtime_overhead_over_mlp_sec": 0.011027905042283237}, "summary": {"val_acc_mlp": 0.711864406779661, "val_acc_selective": 0.7288135593220338, "test_acc_mlp": 0.7567567567567568, "test_acc_selective": 0.7567567567567568, "val_fraction_uncertain": 0.05084745762711865, "test_fraction_uncertain": 0.05405405405405406, "val_fraction_changed_from_mlp": 0.01694915254237288, "test_fraction_changed_from_mlp": 0.02702702702702703, "acc_val_confident": 0.75, "acc_val_uncertain": 0.3333333333333333, "acc_test_confident": 0.7714285714285715, "acc_test_uncertain": 0.5}, "test_node_diagnostics": [{"node_id": 10, "mlp_pred": 3, "mlp_max_prob": 0.9975376129150391, "mlp_margin": 0.9965847092098556, "was_uncertain": false, "final_pred": 3, "changed_from_mlp": false, "selected_threshold_high": 0.05, "selected_method_mode": "feature_first_selective_weighted_correction_v1", "winning_class_components": {"mlp_term": -0.0024654237460199307, "feature_similarity_term": 0.3765111923217773, "feature_knn_term": 0.0, "graph_neighbor_term": 0.0, "compatibility_term": 0.09056603773584905}}, {"node_id": 14, "mlp_pred": 3, "mlp_max_prob": 0.6853139996528625, "mlp_margin": 0.5207927376031876, "was_uncertain": false, "final_pred": 3, "changed_from_mlp": false, "selected_threshold_high": 0.05, "selected_method_mode": "feature_first_selective_weighted_correction_v1", "winning_class_components": {"mlp_term": -0.37787815209637315, "feature_similarity_term": 0.299999874830246, "feature_knn_term": 0.0, "graph_neighbor_term": 0.0018016025016861842, "compatibility_term": 0.05137788561360274}}, {"node_id": 17, "mlp_pred": 3, "mlp_max_prob": 0.8000814318656921, "mlp_margin": 0.7081301882863045, "was_uncertain": false, "final_pred": 3, "changed_from_mlp": false, "selected_threshold_high": 0.05, "selected_method_mode": "feature_first_selective_weighted_correction_v1", "winning_class_components": {"mlp_term": -0.22304176666232803, "feature_similarity_term": 0.3427670359611511, "feature_knn_term": 0.0, "graph_neighbor_term": 0.10722313249068088, "compatibility_term": 0.07081686927698198}}, {"node_id": 20, "mlp_pred": 0, "mlp_max_prob": 0.9925540089607239, "mlp_margin": 0.9883434404619038, "was_uncertain": false, "final_pred": 0, "changed_from_mlp": false, "selected_threshold_high": 0.05, "selected_method_mode": "feature_first_selective_weighted_correction_v1", "winning_class_components": {"mlp_term": -0.0074738508124570875, "feature_similarity_term": 0.3000008583068848, "feature_knn_term": 0.0, "graph_neighbor_term": 0.044262628108032526, "compatibility_term": 0.09261500151020359}}, {"node_id": 22, "mlp_pred": 3, "mlp_max_prob": 0.68345707654953, "mlp_margin": 0.5122960805892944, "was_uncertain": false, "final_pred": 3, "changed_from_mlp": false, "selected_threshold_high": 0.05, "selected_method_mode": "feature_first_selective_weighted_correction_v1", "winning_class_components": {"mlp_term": -0.3805914242787206, "feature_similarity_term": 0.3349136710166931, "feature_knn_term": 0.0, "graph_neighbor_term": 0.14160947265938342, "compatibility_term": 0.06610683905362741}}, {"node_id": 29, "mlp_pred": 0, "mlp_max_prob": 0.3180452287197113, "mlp_margin": 0.0725727528333664, "was_uncertain": false, "final_pred": 0, "changed_from_mlp": false, "selected_threshold_high": 0.05, "selected_method_mode": "feature_first_selective_weighted_correction_v1", "winning_class_components": {"mlp_term": -1.1455616776371622, "feature_similarity_term": 0.3000004649162292, "feature_knn_term": 0.0, "graph_neighbor_term": 0.023847600969163565, "compatibility_term": 0.09565805427236108}}, {"node_id": 30, "mlp_pred": 3, "mlp_max_prob": 0.9507270455360413, "mlp_margin": 0.9297037906944752, "was_uncertain": false, "final_pred": 3, "changed_from_mlp": false, "selected_threshold_high": 0.05, "selected_method_mode": "feature_first_selective_weighted_correction_v1", "winning_class_components": {"mlp_term": -0.050528275998184664, "feature_similarity_term": 0.33303773403167725, "feature_knn_term": 0.0, "graph_neighbor_term": 0.20325068169373506, "compatibility_term": 0.07592691518166639}}, {"node_id": 31, "mlp_pred": 3, "mlp_max_prob": 0.9513145685195923, "mlp_margin": 0.9310497287660837, "was_uncertain": false, "final_pred": 3, "changed_from_mlp": false, "selected_threshold_high": 0.05, "selected_method_mode": "feature_first_selective_weighted_correction_v1", "winning_class_components": {"mlp_term": -0.04991049455965541, "feature_similarity_term": 0.3000005006790161, "feature_knn_term": 0.0, "graph_neighbor_term": 0.14996584902342758, "compatibility_term": 0.07186030003083883}}, {"node_id": 49, "mlp_pred": 3, "mlp_max_prob": 0.5691229701042175, "mlp_margin": 0.39346906542778015, "was_uncertain": false, "final_pred": 3, "changed_from_mlp": false, "selected_threshold_high": 0.05, "selected_method_mode": "feature_first_selective_weighted_correction_v1", "winning_class_components": {"mlp_term": -0.5636587520294136, "feature_similarity_term": 0.3000004649162292, "feature_knn_term": 0.0, "graph_neighbor_term": 0.05810734473259614, "compatibility_term": 0.06333981428035516}}, {"node_id": 51, "mlp_pred": 2, "mlp_max_prob": 0.8315685391426086, "mlp_margin": 0.7541297227144241, "was_uncertain": false, "final_pred": 2, "changed_from_mlp": false, "selected_threshold_high": 0.05, "selected_method_mode": "feature_first_selective_weighted_correction_v1", "winning_class_components": {"mlp_term": -0.18444155543276156, "feature_similarity_term": 0.3293456196784973, "feature_knn_term": 0.0, "graph_neighbor_term": 0.0, "compatibility_term": 0.1714285714285714}}, {"node_id": 54, "mlp_pred": 3, "mlp_max_prob": 0.7664853930473328, "mlp_margin": 0.6044047176837921, "was_uncertain": false, "final_pred": 3, "changed_from_mlp": false, "selected_threshold_high": 0.05, "selected_method_mode": "feature_first_selective_weighted_correction_v1", "winning_class_components": {"mlp_term": -0.26593963754156513, "feature_similarity_term": 0.30000014305114747, "feature_knn_term": 0.0, "graph_neighbor_term": 0.0507859833304291, "compatibility_term": 0.08239090216794227}}, {"node_id": 56, "mlp_pred": 2, "mlp_max_prob": 0.4080478250980377, "mlp_margin": 0.18456129729747772, "was_uncertain": false, "final_pred": 2, "changed_from_mlp": false, "selected_threshold_high": 0.05, "selected_method_mode": "feature_first_selective_weighted_correction_v1", "winning_class_components": {"mlp_term": -0.8963708930699691, "feature_similarity_term": 0.30893683433532715, "feature_knn_term": 0.0, "graph_neighbor_term": 0.030139797457066596, "compatibility_term": 0.12634813351059818}}, {"node_id": 57, "mlp_pred": 3, "mlp_max_prob": 0.9297318458557129, "mlp_margin": 0.88707360252738, "was_uncertain": false, "final_pred": 3, "changed_from_mlp": false, "selected_threshold_high": 0.05, "selected_method_mode": "feature_first_selective_weighted_correction_v1", "winning_class_components": {"mlp_term": -0.07285907220172431, "feature_similarity_term": 0.3000001072883606, "feature_knn_term": 0.0, "graph_neighbor_term": 0.3677099565452313, "compatibility_term": 0.08994607973352939}}, {"node_id": 68, "mlp_pred": 3, "mlp_max_prob": 0.9339304566383362, "mlp_margin": 0.9103730376809835, "was_uncertain": false, "final_pred": 3, "changed_from_mlp": false, "selected_threshold_high": 0.05, "selected_method_mode": "feature_first_selective_weighted_correction_v1", "winning_class_components": {"mlp_term": -0.0683533010860641,