{"dataset": "texas", "seed": 134100, "method": "selective_graph_correction", "selected_threshold_high": 0.05, "selected_weights": {"b1": 1.0, "b2": 0.9, "b3": 0.0, "b4": 0.3, "b5": 0.2}, "mode": "feature_first_selective_weighted_correction_v1", "feature_knn_used": false, "feature_knn_k": 5, "runtime_sec": {"mlp_training_runtime_sec": 0.0, "evidence_runtime_sec": 0.008811271982267499, "selection_runtime_sec": 0.0023305669892579317, "inference_runtime_sec": 1.013907603919506e-05, "selective_overhead_runtime_sec": 0.011151978047564626, "total_runtime_sec": 0.011151978047564626, "avg_runtime_overhead_over_mlp_sec": 0.011151978047564626}, "summary": {"val_acc_mlp": 0.7627118644067796, "val_acc_selective": 0.7966101694915254, "test_acc_mlp": 0.7297297297297297, "test_acc_selective": 0.7027027027027027, "val_fraction_uncertain": 0.0847457627118644, "test_fraction_uncertain": 0.05405405405405406, "val_fraction_changed_from_mlp": 0.03389830508474576, "test_fraction_changed_from_mlp": 0.05405405405405406, "acc_val_confident": 0.8148148148148148, "acc_val_uncertain": 0.6, "acc_test_confident": 0.7428571428571429, "acc_test_uncertain": 0.0}, "test_node_diagnostics": [{"node_id": 11, "mlp_pred": 3, "mlp_max_prob": 0.9760237336158752, "mlp_margin": 0.9673300571739674, "was_uncertain": false, "final_pred": 3, "changed_from_mlp": false, "selected_threshold_high": 0.05, "selected_method_mode": "feature_first_selective_weighted_correction_v1", "winning_class_components": {"mlp_term": -0.024268375635323223, "feature_similarity_term": 0.47736738324165345, "feature_knn_term": 0.0, "graph_neighbor_term": 0.01785886119895754, "compatibility_term": 0.03940028461968676}}, {"node_id": 13, "mlp_pred": 3, "mlp_max_prob": 0.9917397499084473, "mlp_margin": 0.9876394122838974, "was_uncertain": false, "final_pred": 3, "changed_from_mlp": false, "selected_threshold_high": 0.05, "selected_method_mode": "feature_first_selective_weighted_correction_v1", "winning_class_components": {"mlp_term": -0.008294554999366082, "feature_similarity_term": 0.450000536441803, "feature_knn_term": 0.0, "graph_neighbor_term": 0.15088048983966326, "compatibility_term": 0.04538735292983784}}, {"node_id": 18, "mlp_pred": 0, "mlp_max_prob": 0.513748288154602, "mlp_margin": 0.03341081738471985, "was_uncertain": true, "final_pred": 3, "changed_from_mlp": true, "selected_threshold_high": 0.05, "selected_method_mode": "feature_first_selective_weighted_correction_v1", "winning_class_components": {"mlp_term": -0.733266358010066, "feature_similarity_term": 0.44999970495700836, "feature_knn_term": 0.0, "graph_neighbor_term": 0.1505856625998335, "compatibility_term": 0.06072365316924744}}, {"node_id": 38, "mlp_pred": 3, "mlp_max_prob": 0.9894474744796753, "mlp_margin": 0.9818986323662102, "was_uncertain": false, "final_pred": 3, "changed_from_mlp": false, "selected_threshold_high": 0.05, "selected_method_mode": "feature_first_selective_weighted_correction_v1", "winning_class_components": {"mlp_term": -0.01060859823913995, "feature_similarity_term": 0.5082746386528015, "feature_knn_term": 0.0, "graph_neighbor_term": 0.017161293016806384, "compatibility_term": 0.03436347942996989}}, {"node_id": 42, "mlp_pred": 0, "mlp_max_prob": 0.9883430600166321, "mlp_margin": 0.9794928953051567, "was_uncertain": false, "final_pred": 0, "changed_from_mlp": false, "selected_threshold_high": 0.05, "selected_method_mode": "feature_first_selective_weighted_correction_v1", "winning_class_components": {"mlp_term": -0.011725414766039992, "feature_similarity_term": 0.45000048279762267, "feature_knn_term": 0.0, "graph_neighbor_term": 0.003485239463940787, "compatibility_term": 0.06816811298355462}}, {"node_id": 51, "mlp_pred": 3, "mlp_max_prob": 0.5643936395645142, "mlp_margin": 0.15693330764770508, "was_uncertain": false, "final_pred": 3, "changed_from_mlp": false, "selected_threshold_high": 0.05, "selected_method_mode": "feature_first_selective_weighted_correction_v1", "winning_class_components": {"mlp_term": -0.5720033284423959, "feature_similarity_term": 0.4444186180830002, "feature_knn_term": 0.0, "graph_neighbor_term": 0.3, "compatibility_term": 0.05555555555555556}}, {"node_id": 54, "mlp_pred": 3, "mlp_max_prob": 0.8947548866271973, "mlp_margin": 0.8440687581896782, "was_uncertain": false, "final_pred": 3, "changed_from_mlp": false, "selected_threshold_high": 0.05, "selected_method_mode": "feature_first_selective_weighted_correction_v1", "winning_class_components": {"mlp_term": -0.11120546790671626, "feature_similarity_term": 0.4500003218650818, "feature_knn_term": 0.0, "graph_neighbor_term": 0.008580647051814943, "compatibility_term": 0.03384840641427116}}, {"node_id": 55, "mlp_pred": 4, "mlp_max_prob": 0.7150110602378845, "mlp_margin": 0.5921471640467644, "was_uncertain": false, "final_pred": 4, "changed_from_mlp": false, "selected_threshold_high": 0.05, "selected_method_mode": "feature_first_selective_weighted_correction_v1", "winning_class_components": {"mlp_term": -0.3354572675435969, "feature_similarity_term": 0.4500003755092621, "feature_knn_term": 0.0, "graph_neighbor_term": 0.002335893449703775, "compatibility_term": 0.03792129990682796}}, {"node_id": 56, "mlp_pred": 2, "mlp_max_prob": 0.7825624942779541, "mlp_margin": 0.6583290100097656, "was_uncertain": false, "final_pred": 2, "changed_from_mlp": false, "selected_threshold_high": 0.05, "selected_method_mode": "feature_first_selective_weighted_correction_v1", "winning_class_components": {"mlp_term": -0.24518149486490534, "feature_similarity_term": 0.5024060189723969, "feature_knn_term": 0.0, "graph_neighbor_term": 0.027566390920308062, "compatibility_term": 0.05807398140521276}}, {"node_id": 58, "mlp_pred": 0, "mlp_max_prob": 0.9245453476905823, "mlp_margin": 0.871851310133934, "was_uncertain": false, "final_pred": 0, "changed_from_mlp": false, "selected_threshold_high": 0.05, "selected_method_mode": "feature_first_selective_weighted_correction_v1", "winning_class_components": {"mlp_term": -0.07845317831348336, "feature_similarity_term": 0.4500005900859833, "feature_knn_term": 0.0, "graph_neighbor_term": 0.04968872790493531, "compatibility_term": 0.0516154912661055}}, {"node_id": 62, "mlp_pred": 3, "mlp_max_prob": 0.9059944152832031, "mlp_margin": 0.8392273932695389, "was_uncertain": false, "final_pred": 3, "changed_from_mlp": false, "selected_threshold_high": 0.05, "selected_method_mode": "feature_first_selective_weighted_correction_v1", "winning_class_components": {"mlp_term": -0.09872213710473107, "feature_similarity_term": 0.4500003218650818, "feature_knn_term": 0.0, "graph_neighbor_term": 0.012171988839421282, "compatibility_term": 0.03418005227304035}}, {"node_id": 66, "mlp_pred": 0, "mlp_max_prob": 0.7194916605949402, "mlp_margin": 0.47324809432029724, "was_uncertain": false, "final_pred": 0, "changed_from_mlp": false, "selected_threshold_high": 0.05, "selected_method_mode": "feature_first_selective_weighted_correction_v1", "winning_class_components": {"mlp_term": -0.3292103432779103, "feature_similarity_term": 0.4500006973743439, "feature_knn_term": 0.0, "graph_neighbor_term": 0.0060361257617365825, "compatibility_term": 0.08187892165256111}}, {"node_id": 70, "mlp_pred": 3, "mlp_max_prob": 0.5964919924736023, "mlp_margin": 0.3631373941898346, "was_uncertain": false, "final_pred": 3, "changed_from_mlp": false, "selected_threshold_high": 0.05, "selected_method_mode": "feature_first_selective_weighted_correction_v1", "winning_class_components": {"mlp_term": -0.5166894617193473, "feature_similarity_term": 0.4194035053253174, "feature_knn_term": 0.0, "graph_neighbor_term": 0.021263463431267112, "compatibility_term": 0.032399504928813376}}, {"node_id": 86, "mlp_pred": 3, "mlp_max_prob": 0.7931704521179199, "mlp_margin": 0.6311457306146622, "was_uncertain": false, "final_pred": 3, "changed_from_mlp": false, "selected_threshold_high": 0.05, "selected_method_mode": "feature_first_selective_weighted_correction_v1",