{
  "output_tag": "manuscript_final_validation_job2",
  "generated_at": "2026-03-20T18:32:13",
  "datasets": {
    "pubmed": {
      "mlp_only": {
        "mean": 0.8723461767037709,
        "std": 0.003685777688920993,
        "n": 30,
        "runs": [
          0.8673934936523438,
          0.8671399354934692,
          0.8651115894317627,
          0.8793103694915771,
          0.8775355219841003,
          0.8719574213027954,
          0.8699290156364441,
          0.8671399354934692,
          0.8696754574775696,
          0.8729715943336487,
          0.8734787106513977,
          0.8729715943336487,
          0.8790568113327026,
          0.8782961368560791,
          0.8679006099700928,
          0.8727180361747742,
          0.8724644780158997,
          0.8762677311897278,
          0.8717038631439209,
          0.8739858269691467,
          0.8706896305084229,
          0.8777890205383301,
          0.8673934936523438,
          0.8737322688102722,
          0.8724644780158997,
          0.8704361319541931,
          0.8714503049850464,
          0.8724644780158997,
          0.8742393255233765,
          0.8727180361747742
        ],
        "mean_runtime_sec": 128.32044540461695
      },
      "prop_only": {
        "mean": 0.8090010141987828,
        "std": 0.005337868481066969,
        "n": 30,
        "runs": [
          0.8131338742393509,
          0.8121196754563894,
          0.8126267748478702,
          0.8154158215010142,
          0.8194726166328601,
          0.815922920892495,
          0.8052738336713996,
          0.8108519269776876,
          0.8037525354969574,
          0.8057809330628803,
          0.8040060851926978,
          0.8067951318458418,
          0.8123732251521298,
          0.8116125760649088,
          0.8136409736308317,
          0.8062880324543611,
          0.8080628803245437,
          0.8045131845841785,
          0.8045131845841785,
          0.8060344827586207,
          0.8075557809330629,
          0.8171906693711968,
          0.816683569979716,
          0.8182048681541582,
          0.8040060851926978,
          0.8029918864097363,
          0.8047667342799188,
          0.8014705882352942,
          0.8019776876267748,
          0.8029918864097363
        ],
        "mean_runtime_sec": 165.7737285157782
      },
      "selective_graph_correction": {
        "mean": 0.8840601757944557,
        "std": 0.0036154523111289662,
        "n": 30,
        "runs": [
          0.8790567951318459,
          0.8785496957403651,
          0.8757606490872211,
          0.8935091277890467,
          0.8889452332657201,
          0.8831135902636917,
          0.880578093306288,
          0.8800709939148073,
          0.8795638945233266,
          0.882606490872211,
          0.8846348884381339,
          0.8874239350912779,
          0.8879310344827587,
          0.8861561866125761,
          0.8864097363083164,
          0.8869168356997972,
          0.8853955375253549,
          0.8864097363083164,
          0.8823529411764706,
          0.8851419878296146,
          0.8856490872210954,
          0.8846348884381339,
          0.8861561866125761,
          0.8848884381338742,
          0.8843813387423936,
          0.8793103448275862,
          0.8866632860040567,
          0.882606490872211,
          0.8815922920892495,
          0.8853955375253549
        ],
        "mean_runtime_sec": 1.5738743508971917
      },
      "prop_mlp_select": null
    },
    "squirrel": {
      "mlp_only": {
        "mean": 0.32180595298608144,
        "std": 0.017079862249224705,
        "n": 30,
        "runs": [
          0.32276657223701477,
          0.3535062372684479,
          0.33141210675239563,
          0.3208453357219696,
          0.31892409920692444,
          0.31123918294906616,
          0.3016330599784851,
          0.3006724417209625,
          0.29971182346343994,
          0.33717578649520874,
          0.33141210675239563,
          0.34390008449554443,
          0.3323727250099182,
          0.33717578649520874,
          0.32372719049453735,
          0.3352545499801636,
          0.3208453357219696,
          0.3266090154647827,
          0.3102785646915436,
          0.29298752546310425,
          0.3035542666912079,
          0.33621516823768616,
          0.3381364047527313,
          0.34870317578315735,
          0.3218059539794922,
          0.3381364047527313,
          0.3275696337223053,
          0.294908732175827,
          0.294908732175827,
          0.2977905869483948
        ],
        "mean_runtime_sec": 132.96299509806946
      },
      "prop_only": {
        "mean": 0.3035222542427153,
        "std": 0.01843693725126722,
        "n": 30,
        "runs": [
          0.3227665706051873,
          0.30643611911623436,
          0.31988472622478387,
          0.30547550432276654,
          0.3150816522574448,
          0.32468780019212296,
          0.2814601344860711,
          0.25360230547550433,
          0.3112391930835735,
          0.29010566762728146,
          0.2987512007684918,
          0.3170028818443804,
          0.30931796349663787,
          0.25552353506243997,
          0.297790585975024,
          0.29010566762728146,
          0.3025936599423631,
          0.30643611911623436,
          0.30835734870317005,
          0.31892411143131605,
          0.31316042267050914,
          0.3025936599423631,
          0.31796349663784823,
          0.3323727185398655,
          0.31412103746397696,
          0.2670509125840538,
          0.3112391930835735,
          0.3016330451488953,
          0.3112391930835735,
          0.2987512007684918
        ],
        "mean_runtime_sec": 270.8495994216646
      },
      "selective_graph_correction": {
        "mean": 0.3220300992635286,
        "std": 0.01744987612976193,
        "n": 30,
        "runs": [
          0.3218059558117195,
          0.35446685878962536,
          0.3323727185398655,
          0.31892411143131605,
          0.3150816522574448,
          0.31412103746397696,
          0.3016330451488953,
          0.3016330451488953,
          0.29971181556195964,
          0.34390009606147937,
          0.3266090297790586,
          0.3448607108549472,
          0.3314121037463977,
          0.33525456292026895,
          0.3285302593659942,
          0.33429394812680113,
          0.32372718539865514,
          0.3256484149855908,
          0.30835734870317005,
          0.29490874159462055,
          0.3025936599423631,
          0.3381364073006724,
          0.3371757925072046,
          0.34774255523535064,
          0.32468780019212296,
          0.3400576368876081,
          0.3285302593659942,
          0.29586935638808837,
          0.29394812680115273,
          0.29490874159462055
        ],
        "mean_runtime_sec": 2.8744494944849674
      },
      "prop_mlp_select": null
    }
  }
}