{"dataset": "cornell", "seed": 134302, "method": "selective_graph_correction", "selected_threshold_high": 0.05, "selected_weights": {"b1": 1.0, "b2": 0.9, "b3": 0.0, "b4": 0.3, "b5": 0.2}, "mode": "feature_first_selective_weighted_correction_v1", "feature_knn_used": false, "feature_knn_k": 5, "runtime_sec": {"mlp_training_runtime_sec": 0.0, "evidence_runtime_sec": 0.008607037947513163, "selection_runtime_sec": 0.0022232539486140013, "inference_runtime_sec": 1.0610092431306839e-05, "selective_overhead_runtime_sec": 0.010840901988558471, "total_runtime_sec": 0.010840901988558471, "avg_runtime_overhead_over_mlp_sec": 0.010840901988558471}, "summary": {"val_acc_mlp": 0.7457627118644068, "val_acc_selective": 0.7457627118644068, "test_acc_mlp": 0.6216216216216216, "test_acc_selective": 0.5945945945945946, "val_fraction_uncertain": 0.03389830508474576, "test_fraction_uncertain": 0.08108108108108109, "val_fraction_changed_from_mlp": 0.0, "test_fraction_changed_from_mlp": 0.02702702702702703, "acc_val_confident": 0.7368421052631579, "acc_val_uncertain": 1.0, "acc_test_confident": 0.6470588235294118, "acc_test_uncertain": 0.0}, "test_node_diagnostics": [{"node_id": 2, "mlp_pred": 3, "mlp_max_prob": 0.791517436504364, "mlp_margin": 0.6729693785309792, "was_uncertain": false, "final_pred": 3, "changed_from_mlp": false, "selected_threshold_high": 0.05, "selected_method_mode": "feature_first_selective_weighted_correction_v1", "winning_class_components": {"mlp_term": -0.23380337020774566, "feature_similarity_term": 0.4500006437301636, "feature_knn_term": 0.0, "graph_neighbor_term": 0.2999128535096514, "compatibility_term": 0.05713558032795586}}, {"node_id": 26, "mlp_pred": 3, "mlp_max_prob": 0.9987180233001709, "mlp_margin": 0.9978605051292107, "was_uncertain": false, "final_pred": 3, "changed_from_mlp": false, "selected_threshold_high": 0.05, "selected_method_mode": "feature_first_selective_weighted_correction_v1", "winning_class_components": {"mlp_term": -0.0012827991349287865, "feature_similarity_term": 0.450001984834671, "feature_knn_term": 0.0, "graph_neighbor_term": 0.005097029333281328, "compatibility_term": 0.028429121235757738}}, {"node_id": 36, "mlp_pred": 3, "mlp_max_prob": 0.9054482579231262, "mlp_margin": 0.8353565186262131, "was_uncertain": false, "final_pred": 3, "changed_from_mlp": false, "selected_threshold_high": 0.05, "selected_method_mode": "feature_first_selective_weighted_correction_v1", "winning_class_components": {"mlp_term": -0.09932514528677816, "feature_similarity_term": 0.5642689168453217, "feature_knn_term": 0.0, "graph_neighbor_term": 0.0, "compatibility_term": 0.023809523809523808}}, {"node_id": 37, "mlp_pred": 2, "mlp_max_prob": 0.5506512522697449, "mlp_margin": 0.35239584743976593, "was_uncertain": false, "final_pred": 2, "changed_from_mlp": false, "selected_threshold_high": 0.05, "selected_method_mode": "feature_first_selective_weighted_correction_v1", "winning_class_components": {"mlp_term": -0.5966536062073396, "feature_similarity_term": 0.4500012338161469, "feature_knn_term": 0.0, "graph_neighbor_term": 0.057082579174652114, "compatibility_term": 0.0403378792321084}}, {"node_id": 38, "mlp_pred": 3, "mlp_max_prob": 0.8043637871742249, "mlp_margin": 0.6187827438116074, "was_uncertain": false, "final_pred": 3, "changed_from_mlp": false, "selected_threshold_high": 0.05, "selected_method_mode": "feature_first_selective_weighted_correction_v1", "winning_class_components": {"mlp_term": -0.2177036405278493, "feature_similarity_term": 0.45000134110450746, "feature_knn_term": 0.0, "graph_neighbor_term": 0.0, "compatibility_term": 0.023809523809523808}}, {"node_id": 48, "mlp_pred": 3, "mlp_max_prob": 0.47652924060821533, "mlp_margin": 0.1379418671131134, "was_uncertain": false, "final_pred": 3, "changed_from_mlp": false, "selected_threshold_high": 0.05, "selected_method_mode": "feature_first_selective_weighted_correction_v1", "winning_class_components": {"mlp_term": -0.7412261923809099, "feature_similarity_term": 0.4500003218650818, "feature_knn_term": 0.0, "graph_neighbor_term": 0.3, "compatibility_term": 0.05714285714285714}}, {"node_id": 54, "mlp_pred": 2, "mlp_max_prob": 0.6370673179626465, "mlp_margin": 0.39335867762565613, "was_uncertain": false, "final_pred": 2, "changed_from_mlp": false, "selected_threshold_high": 0.05, "selected_method_mode": "feature_first_selective_weighted_correction_v1", "winning_class_components": {"mlp_term": -0.4508799493034959, "feature_similarity_term": 0.45000203847885134, "feature_knn_term": 0.0, "graph_neighbor_term": 0.013396265184823649, "compatibility_term": 0.05445579088413404}}, {"node_id": 56, "mlp_pred": 3, "mlp_max_prob": 0.9935664534568787, "mlp_margin": 0.9894031072035432, "was_uncertain": false, "final_pred": 3, "changed_from_mlp": false, "selected_threshold_high": 0.05, "selected_method_mode": "feature_first_selective_weighted_correction_v1", "winning_class_components": {"mlp_term": -0.006454330996807339, "feature_similarity_term": 0.4500020921230316, "feature_knn_term": 0.0, "graph_neighbor_term": 0.007166755573207803, "compatibility_term": 0.06654852966915775}}, {"node_id": 65, "mlp_pred": 0, "mlp_max_prob": 0.7193701863288879, "mlp_margin": 0.5067535638809204, "was_uncertain": false, "final_pred": 0, "changed_from_mlp": false, "selected_threshold_high": 0.05, "selected_method_mode": "feature_first_selective_weighted_correction_v1", "winning_class_components": {"mlp_term": -0.3293791909912617, "feature_similarity_term": 0.4500013947486878, "feature_knn_term": 0.0, "graph_neighbor_term": 0.0, "compatibility_term": 0.072}}, {"node_id": 67, "mlp_pred": 0, "mlp_max_prob": 0.8226640820503235, "mlp_margin": 0.7272858545184135, "was_uncertain": false, "final_pred": 0, "changed_from_mlp": false, "selected_threshold_high": 0.05, "selected_method_mode": "feature_first_selective_weighted_correction_v1", "winning_class_components": {"mlp_term": -0.19520732438396746, "feature_similarity_term": 0.4500008046627045, "feature_knn_term": 0.0, "graph_neighbor_term": 0.00440033287863125, "compatibility_term": 0.09357298245021967}}, {"node_id": 68, "mlp_pred": 1, "mlp_max_prob": 0.6477436423301697, "mlp_margin": 0.37247881293296814, "was_uncertain": false, "final_pred": 1, "changed_from_mlp": false, "selected_threshold_high": 0.05, "selected_method_mode": "feature_first_selective_weighted_correction_v1", "winning_class_components": {"mlp_term": -0.4342602745936125, "feature_similarity_term": 0.45000075101852416, "feature_knn_term": 0.0, "graph_neighbor_term": 0.11061028219291565, "compatibility_term": 0.04946726433515496}}, {"node_id": 69, "mlp_pred": 3, "mlp_max_prob": 0.9978702068328857, "mlp_margin": 0.9969992225524038, "was_uncertain": false, "final_pred": 3, "changed_from_mlp": false, "selected_threshold_high": 0.05, "selected_method_mode": "feature_first_selective_weighted_correction_v1", "winning_class_components": {"mlp_term": -0.002132064401994959, "feature_similarity_term": 0.5773830413818359, "feature_knn_term": 0.0, "graph_neighbor_term": 0.14992524818851216, "compatibility_term": 0.05618886610764752}}, {"node_id": 71, "mlp_pred": 3, "mlp_max_prob": 0.8814613223075867, "mlp_margin": 0.7832428887486458, "was_uncertain": false, "final_pred": 3, "changed_from_mlp": false, "selected_threshold_high": 0.05, "selected_method_mode": "feature_first_selective_weighted_correction_v1", "winning_class_components": {"mlp_term": -0.12617415523947165, "feature_similarity_term": 0.4500008583068848, "feature_knn_term": 0.0, "graph_neighbor_term": 0.010194058989357215, "compatibility_term": 0.028286813891074587}}, {"node_id": 72, "mlp_pred": 1, "mlp_max_prob": 0.6033421158790588, "mlp_margin": 0.32536518573760986, "was_uncertain": false, "final_pred": 1, "changed_from_mlp": false, "selected_threshold_high": 0.05, "selected_method_mode": "feature_first_selective_weighted_correction_v1", "winning_class_components": {"mlp_term": -0.5052708867907008, "feature_similarity_term": 0.4500003755092621,