{"dataset": "cornell", "seed": 134402, "method": "selective_graph_correction", "selected_threshold_high": 0.05, "selected_weights": {"b1": 1.0, "b2": 0.6, "b3": 0.0, "b4": 0.5, "b5": 0.3}, "mode": "feature_first_selective_weighted_correction_v1", "feature_knn_used": false, "feature_knn_k": 5, "runtime_sec": {"mlp_training_runtime_sec": 0.0, "evidence_runtime_sec": 0.008808698039501905, "selection_runtime_sec": 0.0022769159404560924, "inference_runtime_sec": 1.0619987733662128e-05, "selective_overhead_runtime_sec": 0.01109623396769166, "total_runtime_sec": 0.01109623396769166, "avg_runtime_overhead_over_mlp_sec": 0.01109623396769166}, "summary": {"val_acc_mlp": 0.7966101694915254, "val_acc_selective": 0.7796610169491526, "test_acc_mlp": 0.6756756756756757, "test_acc_selective": 0.6486486486486487, "val_fraction_uncertain": 0.01694915254237288, "test_fraction_uncertain": 0.05405405405405406, "val_fraction_changed_from_mlp": 0.01694915254237288, "test_fraction_changed_from_mlp": 0.02702702702702703, "acc_val_confident": 0.7931034482758621, "acc_val_uncertain": 0.0, "acc_test_confident": 0.6857142857142857, "acc_test_uncertain": 0.0}, "test_node_diagnostics": [{"node_id": 1, "mlp_pred": 3, "mlp_max_prob": 0.9960693120956421, "mlp_margin": 0.9948882749304175, "was_uncertain": false, "final_pred": 3, "changed_from_mlp": false, "selected_threshold_high": 0.05, "selected_method_mode": "feature_first_selective_weighted_correction_v1", "winning_class_components": {"mlp_term": -0.0039384333613703935, "feature_similarity_term": 0.35934895277023315, "feature_knn_term": 0.0, "graph_neighbor_term": 0.00915681450571722, "compatibility_term": 0.08981188914537439}}, {"node_id": 11, "mlp_pred": 3, "mlp_max_prob": 0.9900608062744141, "mlp_margin": 0.9865886790212244, "was_uncertain": false, "final_pred": 3, "changed_from_mlp": false, "selected_threshold_high": 0.05, "selected_method_mode": "feature_first_selective_weighted_correction_v1", "winning_class_components": {"mlp_term": -0.009988917260455718, "feature_similarity_term": 0.3000008225440979, "feature_knn_term": 0.0, "graph_neighbor_term": 0.0, "compatibility_term": 0.18076923076923077}}, {"node_id": 15, "mlp_pred": 3, "mlp_max_prob": 0.5691617727279663, "mlp_margin": 0.321650892496109, "was_uncertain": false, "final_pred": 3, "changed_from_mlp": false, "selected_threshold_high": 0.05, "selected_method_mode": "feature_first_selective_weighted_correction_v1", "winning_class_components": {"mlp_term": -0.5635905746704388, "feature_similarity_term": 0.3000007152557373, "feature_knn_term": 0.0, "graph_neighbor_term": 0.0, "compatibility_term": 0.18076923076923077}}, {"node_id": 19, "mlp_pred": 1, "mlp_max_prob": 0.43268993496894836, "mlp_margin": 0.16112244129180908, "was_uncertain": false, "final_pred": 1, "changed_from_mlp": false, "selected_threshold_high": 0.05, "selected_method_mode": "feature_first_selective_weighted_correction_v1", "winning_class_components": {"mlp_term": -0.8377338930134074, "feature_similarity_term": 0.30000003576278683, "feature_knn_term": 0.0, "graph_neighbor_term": 0.08755552447669886, "compatibility_term": 0.04858713343213967}}, {"node_id": 24, "mlp_pred": 1, "mlp_max_prob": 0.5786481499671936, "mlp_margin": 0.3825743496417999, "was_uncertain": false, "final_pred": 1, "changed_from_mlp": false, "selected_threshold_high": 0.05, "selected_method_mode": "feature_first_selective_weighted_correction_v1", "winning_class_components": {"mlp_term": -0.5470606718465465, "feature_similarity_term": 0.3000005006790161, "feature_knn_term": 0.0, "graph_neighbor_term": 0.10597790728857706, "compatibility_term": 0.051037624371198145}}, {"node_id": 35, "mlp_pred": 0, "mlp_max_prob": 0.7706068158149719, "mlp_margin": 0.5464659631252289, "was_uncertain": false, "final_pred": 0, "changed_from_mlp": false, "selected_threshold_high": 0.05, "selected_method_mode": "feature_first_selective_weighted_correction_v1", "winning_class_components": {"mlp_term": -0.2605770020135034, "feature_similarity_term": 0.3000007152557373, "feature_knn_term": 0.0, "graph_neighbor_term": 0.0, "compatibility_term": 0.16206896551724137}}, {"node_id": 41, "mlp_pred": 0, "mlp_max_prob": 0.6506365537643433, "mlp_margin": 0.38668543100357056, "was_uncertain": false, "final_pred": 0, "changed_from_mlp": false, "selected_threshold_high": 0.05, "selected_method_mode": "feature_first_selective_weighted_correction_v1", "winning_class_components": {"mlp_term": -0.4298040818234568, "feature_similarity_term": 0.3000002861022949, "feature_knn_term": 0.0, "graph_neighbor_term": 0.375, "compatibility_term": 0.04827586206896552}}, {"node_id": 50, "mlp_pred": 3, "mlp_max_prob": 0.8810773491859436, "mlp_margin": 0.79058987647295, "was_uncertain": false, "final_pred": 3, "changed_from_mlp": false, "selected_threshold_high": 0.05, "selected_method_mode": "feature_first_selective_weighted_correction_v1", "winning_class_components": {"mlp_term": -0.12660985986703832, "feature_similarity_term": 0.3000005722045898, "feature_knn_term": 0.0, "graph_neighbor_term": 0.0, "compatibility_term": 0.18076923076923077}}, {"node_id": 51, "mlp_pred": 0, "mlp_max_prob": 0.9997826218605042, "mlp_margin": 0.9996151668019593, "was_uncertain": false, "final_pred": 0, "changed_from_mlp": false, "selected_threshold_high": 0.05, "selected_method_mode": "feature_first_selective_weighted_correction_v1", "winning_class_components": {"mlp_term": -0.00021740176954811486, "feature_similarity_term": 0.30000125169754027, "feature_knn_term": 0.0, "graph_neighbor_term": 0.5, "compatibility_term": 0.04827586206896552}}, {"node_id": 53, "mlp_pred": 1, "mlp_max_prob": 0.791951060295105, "mlp_margin": 0.7311090379953384, "was_uncertain": false, "final_pred": 1, "changed_from_mlp": false, "selected_threshold_high": 0.05, "selected_method_mode": "feature_first_selective_weighted_correction_v1", "winning_class_components": {"mlp_term": -0.2332556816336355, "feature_similarity_term": 0.30000021457672116, "feature_knn_term": 0.0, "graph_neighbor_term": 0.0104093613694453, "compatibility_term": 0.07789451031065399}}, {"node_id": 58, "mlp_pred": 4, "mlp_max_prob": 0.49501147866249084, "mlp_margin": 0.0941939651966095, "was_uncertain": false, "final_pred": 4, "changed_from_mlp": false, "selected_threshold_high": 0.05, "selected_method_mode": "feature_first_selective_weighted_correction_v1", "winning_class_components": {"mlp_term": -0.7031743274651593, "feature_similarity_term": 0.3000005722045898, "feature_knn_term": 0.0, "graph_neighbor_term": 0.0, "compatibility_term": 0.03461538461538462}}, {"node_id": 60, "mlp_pred": 2, "mlp_max_prob": 0.3934437930583954, "mlp_margin": 0.020801037549972534, "was_uncertain": true, "final_pred": 0, "changed_from_mlp": true, "selected_threshold_high": 0.05, "selected_method_mode": "feature_first_selective_weighted_correction_v1", "winning_class_components": {"mlp_term": -0.9871350783145609, "feature_similarity_term": 0.2911374270915985, "feature_knn_term": 0.0, "graph_neighbor_term": 0.5, "compatibility_term": 0.04827586206896552}}, {"node_id": 61, "mlp_pred": 3, "mlp_max_prob": 0.9969538450241089, "mlp_margin": 0.9959554969100282, "was_uncertain": false, "final_pred": 3, "changed_from_mlp": false, "selected_threshold_high": 0.05, "selected_method_mode": "feature_first_selective_weighted_correction_v1", "winning_class_components": {"mlp_term": -0.003050803949355917, "feature_similarity_term": 0.3000015377998352, "feature_knn_term": 0.0, "graph_neighbor_term": 0.0, "compatibility_term": 0.18076923076923077}}, {"node_id": 62, "mlp_pred": 3, "mlp_max_prob": 0.7659817934036255, "mlp_margin": 0.5429223775863647, "was_uncertain": false, "final_pred": 3, "changed_from_mlp": false, "selected_threshold_high": 0.05, "selected_method_mode": "feature_first_selective_weighted_correction_v1", "winning_class_components": {"mlp_term": -0.2665968779265964, "feature_similarity_term": 0.30000078678131104, "feature_knn_term": 0.0, "graph_neighbor_term": 0.3749963706482859,