{"dataset": "texas", "seed": 134600, "method": "selective_graph_correction", "selected_threshold_high": 0.05, "selected_weights": {"b1": 1.0, "b2": 0.6, "b3": 0.0, "b4": 0.5, "b5": 0.3}, "mode": "feature_first_selective_weighted_correction_v1", "feature_knn_used": false, "feature_knn_k": 5, "runtime_sec": {"mlp_training_runtime_sec": 0.0, "evidence_runtime_sec": 0.00880574097391218, "selection_runtime_sec": 0.002094811061397195, "inference_runtime_sec": 1.0209972970187664e-05, "selective_overhead_runtime_sec": 0.010910762008279562, "total_runtime_sec": 0.010910762008279562, "avg_runtime_overhead_over_mlp_sec": 0.010910762008279562}, "summary": {"val_acc_mlp": 0.7796610169491526, "val_acc_selective": 0.7627118644067796, "test_acc_mlp": 0.8918918918918919, "test_acc_selective": 0.8648648648648649, "val_fraction_uncertain": 0.03389830508474576, "test_fraction_uncertain": 0.08108108108108109, "val_fraction_changed_from_mlp": 0.01694915254237288, "test_fraction_changed_from_mlp": 0.02702702702702703, "acc_val_confident": 0.7894736842105263, "acc_val_uncertain": 0.0, "acc_test_confident": 0.8823529411764706, "acc_test_uncertain": 0.6666666666666666}, "test_node_diagnostics": [{"node_id": 8, "mlp_pred": 3, "mlp_max_prob": 0.8048635125160217, "mlp_margin": 0.6357380598783493, "was_uncertain": false, "final_pred": 3, "changed_from_mlp": false, "selected_threshold_high": 0.05, "selected_method_mode": "feature_first_selective_weighted_correction_v1", "winning_class_components": {"mlp_term": -0.217082565608282, "feature_similarity_term": 0.30000075101852414, "feature_knn_term": 0.0, "graph_neighbor_term": 0.13672009454092157, "compatibility_term": 0.05493265962105759}}, {"node_id": 9, "mlp_pred": 0, "mlp_max_prob": 0.8811583518981934, "mlp_margin": 0.7794202640652657, "was_uncertain": false, "final_pred": 0, "changed_from_mlp": false, "selected_threshold_high": 0.05, "selected_method_mode": "feature_first_selective_weighted_correction_v1", "winning_class_components": {"mlp_term": -0.1265179281098313, "feature_similarity_term": 0.3185356020927429, "feature_knn_term": 0.0, "graph_neighbor_term": 0.07348175346851349, "compatibility_term": 0.09426666663752661}}, {"node_id": 14, "mlp_pred": 3, "mlp_max_prob": 0.9616999626159668, "mlp_margin": 0.9498191392049193, "was_uncertain": false, "final_pred": 3, "changed_from_mlp": false, "selected_threshold_high": 0.05, "selected_method_mode": "feature_first_selective_weighted_correction_v1", "winning_class_components": {"mlp_term": -0.039052766136565595, "feature_similarity_term": 0.30000014305114747, "feature_knn_term": 0.0, "graph_neighbor_term": 0.0, "compatibility_term": 0.047058823529411764}}, {"node_id": 15, "mlp_pred": 4, "mlp_max_prob": 0.9925496578216553, "mlp_margin": 0.9895160500891507, "was_uncertain": false, "final_pred": 4, "changed_from_mlp": false, "selected_threshold_high": 0.05, "selected_method_mode": "feature_first_selective_weighted_correction_v1", "winning_class_components": {"mlp_term": -0.007478234602726, "feature_similarity_term": 0.30000125169754027, "feature_knn_term": 0.0, "graph_neighbor_term": 0.05582846407092428, "compatibility_term": 0.08658128524370405}}, {"node_id": 30, "mlp_pred": 3, "mlp_max_prob": 0.9828112125396729, "mlp_margin": 0.9735640827566385, "was_uncertain": false, "final_pred": 3, "changed_from_mlp": false, "selected_threshold_high": 0.05, "selected_method_mode": "feature_first_selective_weighted_correction_v1", "winning_class_components": {"mlp_term": -0.01733822962966663, "feature_similarity_term": 0.32302533388137816, "feature_knn_term": 0.0, "graph_neighbor_term": 0.21502041568997365, "compatibility_term": 0.0635341362158868}}, {"node_id": 31, "mlp_pred": 3, "mlp_max_prob": 0.9804016947746277, "mlp_margin": 0.9724623113870621, "was_uncertain": false, "final_pred": 3, "changed_from_mlp": false, "selected_threshold_high": 0.05, "selected_method_mode": "feature_first_selective_weighted_correction_v1", "winning_class_components": {"mlp_term": -0.01979289867338268, "feature_similarity_term": 0.3000003933906555, "feature_knn_term": 0.0, "graph_neighbor_term": 0.04245243966579437, "compatibility_term": 0.08684815852081074}}, {"node_id": 33, "mlp_pred": 3, "mlp_max_prob": 0.9875002503395081, "mlp_margin": 0.9811182073317468, "was_uncertain": false, "final_pred": 3, "changed_from_mlp": false, "selected_threshold_high": 0.05, "selected_method_mode": "feature_first_selective_weighted_correction_v1", "winning_class_components": {"mlp_term": -0.012578528698529661, "feature_similarity_term": 0.3000008225440979, "feature_knn_term": 0.0, "graph_neighbor_term": 0.12735731899738312, "compatibility_term": 0.060544475562432226}}, {"node_id": 34, "mlp_pred": 4, "mlp_max_prob": 0.723645031452179, "mlp_margin": 0.5986493527889252, "was_uncertain": false, "final_pred": 4, "changed_from_mlp": false, "selected_threshold_high": 0.05, "selected_method_mode": "feature_first_selective_weighted_correction_v1", "winning_class_components": {"mlp_term": -0.323454294876383, "feature_similarity_term": 0.3000003218650818, "feature_knn_term": 0.0, "graph_neighbor_term": 0.05243391093483722, "compatibility_term": 0.08411601307033315}}, {"node_id": 48, "mlp_pred": 0, "mlp_max_prob": 0.7161136865615845, "mlp_margin": 0.4754129648208618, "was_uncertain": false, "final_pred": 0, "changed_from_mlp": false, "selected_threshold_high": 0.05, "selected_method_mode": "feature_first_selective_weighted_correction_v1", "winning_class_components": {"mlp_term": -0.33391634451177477, "feature_similarity_term": 0.3000005722045898, "feature_knn_term": 0.0, "graph_neighbor_term": 0.011600104599158974, "compatibility_term": 0.10957123048331009}}, {"node_id": 61, "mlp_pred": 3, "mlp_max_prob": 0.5703922510147095, "mlp_margin": 0.38195161521434784, "was_uncertain": false, "final_pred": 3, "changed_from_mlp": false, "selected_threshold_high": 0.05, "selected_method_mode": "feature_first_selective_weighted_correction_v1", "winning_class_components": {"mlp_term": -0.5614309951519083, "feature_similarity_term": 0.2999999105930328, "feature_knn_term": 0.0, "graph_neighbor_term": 0.06367865949869156, "compatibility_term": 0.0802722377812161}}, {"node_id": 67, "mlp_pred": 3, "mlp_max_prob": 0.9998346567153931, "mlp_margin": 0.9997527071900549, "was_uncertain": false, "final_pred": 3, "changed_from_mlp": false, "selected_threshold_high": 0.05, "selected_method_mode": "feature_first_selective_weighted_correction_v1", "winning_class_components": {"mlp_term": -0.00016535695531474316, "feature_similarity_term": 0.3498323321342468, "feature_knn_term": 0.0, "graph_neighbor_term": 0.24995865837382159, "compatibility_term": 0.08529156874828146}}, {"node_id": 69, "mlp_pred": 3, "mlp_max_prob": 0.9330490231513977, "mlp_margin": 0.900476835668087, "was_uncertain": false, "final_pred": 3, "changed_from_mlp": false, "selected_threshold_high": 0.05, "selected_method_mode": "feature_first_selective_weighted_correction_v1", "winning_class_components": {"mlp_term": -0.06929753594452837, "feature_similarity_term": 0.3000010013580322, "feature_knn_term": 0.0, "graph_neighbor_term": 0.12735731899738312, "compatibility_term": 0.060544475562432226}}, {"node_id": 70, "mlp_pred": 4, "mlp_max_prob": 0.6910693049430847, "mlp_margin": 0.4205421507358551, "was_uncertain": false, "final_pred": 4, "changed_from_mlp": false, "selected_threshold_high": 0.05, "selected_method_mode": "feature_first_selective_weighted_correction_v1", "winning_class_components": {"mlp_term": -0.3695151636547097, "feature_similarity_term": 0.3346809267997742, "feature_knn_term": 0.0, "graph_neighbor_term": 0.003567292665905671, "compatibility_term": 0.05954079649259838}}, {"node_id": 71, "mlp_pred": 0, "mlp_max_prob": 0.6377415060997009, "mlp_margin": 0.3712909519672394, "was_uncertain": false, "final_pred": 0, "changed_from_mlp": false, "selected_threshold_high": 0.05, "selected_method_mode": "feature_first_selective_weighted_correction_v1",