{"dataset": "texas", "seed": 134000, "method": "selective_graph_correction", "selected_threshold_high": 0.05, "selected_weights": {"b1": 1.0, "b2": 0.6, "b3": 0.0, "b4": 0.5, "b5": 0.3}, "mode": "feature_first_selective_weighted_correction_v1", "feature_knn_used": false, "feature_knn_k": 5, "runtime_sec": {"mlp_training_runtime_sec": 0.0, "evidence_runtime_sec": 0.00903005397412926, "selection_runtime_sec": 0.002173400018364191, "inference_runtime_sec": 1.0419986210763454e-05, "selective_overhead_runtime_sec": 0.011213873978704214, "total_runtime_sec": 0.011213873978704214, "avg_runtime_overhead_over_mlp_sec": 0.011213873978704214}, "summary": {"val_acc_mlp": 0.847457627118644, "val_acc_selective": 0.847457627118644, "test_acc_mlp": 0.8108108108108109, "test_acc_selective": 0.8378378378378378, "val_fraction_uncertain": 0.03389830508474576, "test_fraction_uncertain": 0.05405405405405406, "val_fraction_changed_from_mlp": 0.0, "test_fraction_changed_from_mlp": 0.02702702702702703, "acc_val_confident": 0.8596491228070176, "acc_val_uncertain": 0.5, "acc_test_confident": 0.8571428571428571, "acc_test_uncertain": 0.5}, "test_node_diagnostics": [{"node_id": 0, "mlp_pred": 0, "mlp_max_prob": 0.3650057315826416, "mlp_margin": 0.04240390658378601, "was_uncertain": true, "final_pred": 0, "changed_from_mlp": false, "selected_threshold_high": 0.05, "selected_method_mode": "feature_first_selective_weighted_correction_v1", "winning_class_components": {"mlp_term": -1.0078422225567945, "feature_similarity_term": 0.2999996244907379, "feature_knn_term": 0.0, "graph_neighbor_term": 0.20436946112318466, "compatibility_term": 0.05633444399167255}}, {"node_id": 2, "mlp_pred": 2, "mlp_max_prob": 0.9660377502441406, "mlp_margin": 0.952077055349946, "was_uncertain": false, "final_pred": 2, "changed_from_mlp": false, "selected_threshold_high": 0.05, "selected_method_mode": "feature_first_selective_weighted_correction_v1", "winning_class_components": {"mlp_term": -0.03455236660549865, "feature_similarity_term": 0.3169052481651306, "feature_knn_term": 0.0, "graph_neighbor_term": 0.0002036740238629426, "compatibility_term": 0.07136056354945414}}, {"node_id": 3, "mlp_pred": 3, "mlp_max_prob": 0.995520830154419, "mlp_margin": 0.9941665739752352, "was_uncertain": false, "final_pred": 3, "changed_from_mlp": false, "selected_threshold_high": 0.05, "selected_method_mode": "feature_first_selective_weighted_correction_v1", "winning_class_components": {"mlp_term": -0.004489231382965286, "feature_similarity_term": 0.3000005722045898, "feature_knn_term": 0.0, "graph_neighbor_term": 0.0, "compatibility_term": 0.17500000000000002}}, {"node_id": 4, "mlp_pred": 4, "mlp_max_prob": 0.9661338925361633, "mlp_margin": 0.9545008642598987, "was_uncertain": false, "final_pred": 4, "changed_from_mlp": false, "selected_threshold_high": 0.05, "selected_method_mode": "feature_first_selective_weighted_correction_v1", "winning_class_components": {"mlp_term": -0.034452849264519865, "feature_similarity_term": 0.3000005722045898, "feature_knn_term": 0.0, "graph_neighbor_term": 0.0, "compatibility_term": 0.10338983050847457}}, {"node_id": 8, "mlp_pred": 3, "mlp_max_prob": 0.996459424495697, "mlp_margin": 0.9948488323716447, "was_uncertain": false, "final_pred": 3, "changed_from_mlp": false, "selected_threshold_high": 0.05, "selected_method_mode": "feature_first_selective_weighted_correction_v1", "winning_class_components": {"mlp_term": -0.003546858175652367, "feature_similarity_term": 0.30000067949295045, "feature_knn_term": 0.0, "graph_neighbor_term": 0.0021403804351656404, "compatibility_term": 0.036624107456993495}}, {"node_id": 19, "mlp_pred": 3, "mlp_max_prob": 0.9348307251930237, "mlp_margin": 0.9058158993721008, "was_uncertain": false, "final_pred": 3, "changed_from_mlp": false, "selected_threshold_high": 0.05, "selected_method_mode": "feature_first_selective_weighted_correction_v1", "winning_class_components": {"mlp_term": -0.06738980865794138, "feature_similarity_term": 0.3000006079673767, "feature_knn_term": 0.0, "graph_neighbor_term": 0.0, "compatibility_term": 0.17500000000000002}}, {"node_id": 21, "mlp_pred": 3, "mlp_max_prob": 0.9976709485054016, "mlp_margin": 0.996709042461589, "was_uncertain": false, "final_pred": 3, "changed_from_mlp": false, "selected_threshold_high": 0.05, "selected_method_mode": "feature_first_selective_weighted_correction_v1", "winning_class_components": {"mlp_term": -0.002331767953699037, "feature_similarity_term": 0.30000121593475343, "feature_knn_term": 0.0, "graph_neighbor_term": 0.003928806639236642, "compatibility_term": 0.0881358349296409}}, {"node_id": 33, "mlp_pred": 3, "mlp_max_prob": 0.9965975880622864, "mlp_margin": 0.9947320480132475, "was_uncertain": false, "final_pred": 3, "changed_from_mlp": false, "selected_threshold_high": 0.05, "selected_method_mode": "feature_first_selective_weighted_correction_v1", "winning_class_components": {"mlp_term": -0.003408213304040441, "feature_similarity_term": 0.345732307434082, "feature_knn_term": 0.0, "graph_neighbor_term": 0.0, "compatibility_term": 0.17500000000000002}}, {"node_id": 39, "mlp_pred": 3, "mlp_max_prob": 0.692578136920929, "mlp_margin": 0.5352607369422913, "was_uncertain": false, "final_pred": 3, "changed_from_mlp": false, "selected_threshold_high": 0.05, "selected_method_mode": "feature_first_selective_weighted_correction_v1", "winning_class_components": {"mlp_term": -0.3673342141870044, "feature_similarity_term": 0.32924126386642455, "feature_knn_term": 0.0, "graph_neighbor_term": 0.028530130212104727, "compatibility_term": 0.10314602108980173}}, {"node_id": 40, "mlp_pred": 0, "mlp_max_prob": 0.9289907217025757, "mlp_margin": 0.8776968009769917, "was_uncertain": false, "final_pred": 0, "changed_from_mlp": false, "selected_threshold_high": 0.05, "selected_method_mode": "feature_first_selective_weighted_correction_v1", "winning_class_components": {"mlp_term": -0.07365652762121315, "feature_similarity_term": 0.3000010371208191, "feature_knn_term": 0.0, "graph_neighbor_term": 0.0, "compatibility_term": 0.1651685393258427}}, {"node_id": 44, "mlp_pred": 3, "mlp_max_prob": 0.7068736553192139, "mlp_margin": 0.5405349582433701, "was_uncertain": false, "final_pred": 3, "changed_from_mlp": false, "selected_threshold_high": 0.05, "selected_method_mode": "feature_first_selective_weighted_correction_v1", "winning_class_components": {"mlp_term": -0.3469033344029141, "feature_similarity_term": 0.30000064373016355, "feature_knn_term": 0.0, "graph_neighbor_term": 0.0, "compatibility_term": 0.10535714285714286}}, {"node_id": 55, "mlp_pred": 4, "mlp_max_prob": 0.704184353351593, "mlp_margin": 0.5644650906324387, "was_uncertain": false, "final_pred": 4, "changed_from_mlp": false, "selected_threshold_high": 0.05, "selected_method_mode": "feature_first_selective_weighted_correction_v1", "winning_class_components": {"mlp_term": -0.3507150915486548, "feature_similarity_term": 0.3000002861022949, "feature_knn_term": 0.0, "graph_neighbor_term": 0.0005303628210969244, "compatibility_term": 0.08091854022520101}}, {"node_id": 57, "mlp_pred": 2, "mlp_max_prob": 0.7786190509796143, "mlp_margin": 0.6721545830368996, "was_uncertain": false, "final_pred": 2, "changed_from_mlp": false, "selected_threshold_high": 0.05, "selected_method_mode": "feature_first_selective_weighted_correction_v1", "winning_class_components": {"mlp_term": -0.2502333758549135, "feature_similarity_term": 0.3000001788139343, "feature_knn_term": 0.0, "graph_neighbor_term": 0.00023159911716680984, "compatibility_term": 0.07127126249989067}}, {"node_id": 59, "mlp_pred": 2, "mlp_max_prob": 0.6851457953453064, "mlp_margin": 0.5237545520067215, "was_uncertain": false, "final_pred": 2, "changed_from_mlp": false, "selected_threshold_high": 0.05, "selected_method_mode": "feature_first_selective_weighted_correction_v1", "winning_class_components": {"mlp_term": -0.3781236234469588, "feature_similarity_term": 0.3000012874603271, "feature_knn_term": 0.0,