{"dataset": "cornell", "seed": 134501, "method": "selective_graph_correction", "selected_threshold_high": 0.05, "selected_weights": {"b1": 1.0, "b2": 0.6, "b3": 0.0, "b4": 0.5, "b5": 0.3}, "mode": "feature_first_selective_weighted_correction_v1", "feature_knn_used": false, "feature_knn_k": 5, "runtime_sec": {"mlp_training_runtime_sec": 0.0, "evidence_runtime_sec": 0.005288741987897083, "selection_runtime_sec": 0.0012072639947291464, "inference_runtime_sec": 7.297989213839173e-06, "selective_overhead_runtime_sec": 0.006503303971840069, "total_runtime_sec": 0.006503303971840069, "avg_runtime_overhead_over_mlp_sec": 0.006503303971840069}, "summary": {"val_acc_mlp": 0.8135593220338984, "val_acc_selective": 0.7966101694915254, "test_acc_mlp": 0.7567567567567568, "test_acc_selective": 0.7567567567567568, "val_fraction_uncertain": 0.05084745762711865, "test_fraction_uncertain": 0.05405405405405406, "val_fraction_changed_from_mlp": 0.01694915254237288, "test_fraction_changed_from_mlp": 0.02702702702702703, "acc_val_confident": 0.8035714285714286, "acc_val_uncertain": 0.6666666666666666, "acc_test_confident": 0.8, "acc_test_uncertain": 0.0}, "test_node_diagnostics": [{"node_id": 2, "mlp_pred": 3, "mlp_max_prob": 0.8924985527992249, "mlp_margin": 0.8179264962673187, "was_uncertain": false, "final_pred": 3, "changed_from_mlp": false, "selected_threshold_high": 0.05, "selected_method_mode": "feature_first_selective_weighted_correction_v1", "winning_class_components": {"mlp_term": -0.11373038684313112, "feature_similarity_term": 0.32188661098480226, "feature_knn_term": 0.0, "graph_neighbor_term": 0.5, "compatibility_term": 0.021428571428571425}}, {"node_id": 8, "mlp_pred": 2, "mlp_max_prob": 0.3880402743816376, "mlp_margin": 0.15900084376335144, "was_uncertain": false, "final_pred": 2, "changed_from_mlp": false, "selected_threshold_high": 0.05, "selected_method_mode": "feature_first_selective_weighted_correction_v1", "winning_class_components": {"mlp_term": -0.9466461447930318, "feature_similarity_term": 0.3000005006790161, "feature_knn_term": 0.0, "graph_neighbor_term": 0.019532390019777687, "compatibility_term": 0.07151389520824841}}, {"node_id": 11, "mlp_pred": 3, "mlp_max_prob": 0.7810760140419006, "mlp_margin": 0.5897844731807709, "was_uncertain": false, "final_pred": 3, "changed_from_mlp": false, "selected_threshold_high": 0.05, "selected_method_mode": "feature_first_selective_weighted_correction_v1", "winning_class_components": {"mlp_term": -0.2470828047596716, "feature_similarity_term": 0.30000064373016355, "feature_knn_term": 0.0, "graph_neighbor_term": 0.0, "compatibility_term": 0.21428571428571427}}, {"node_id": 16, "mlp_pred": 2, "mlp_max_prob": 0.8961207866668701, "mlp_margin": 0.8350566253066063, "was_uncertain": false, "final_pred": 2, "changed_from_mlp": false, "selected_threshold_high": 0.05, "selected_method_mode": "feature_first_selective_weighted_correction_v1", "winning_class_components": {"mlp_term": -0.10968006854494662, "feature_similarity_term": 0.30000107288360595, "feature_knn_term": 0.0, "graph_neighbor_term": 0.0, "compatibility_term": 0.1607142857142857}}, {"node_id": 21, "mlp_pred": 4, "mlp_max_prob": 0.33937209844589233, "mlp_margin": 0.0064931511878967285, "was_uncertain": true, "final_pred": 4, "changed_from_mlp": false, "selected_threshold_high": 0.05, "selected_method_mode": "feature_first_selective_weighted_correction_v1", "winning_class_components": {"mlp_term": -1.0806581380295142, "feature_similarity_term": 0.30000003576278683, "feature_knn_term": 0.0, "graph_neighbor_term": 0.07106298685190163, "compatibility_term": 0.06398836978083212}}, {"node_id": 24, "mlp_pred": 4, "mlp_max_prob": 0.41577354073524475, "mlp_margin": 0.004742056131362915, "was_uncertain": true, "final_pred": 3, "changed_from_mlp": true, "selected_threshold_high": 0.05, "selected_method_mode": "feature_first_selective_weighted_correction_v1", "winning_class_components": {"mlp_term": -0.8890854625442812, "feature_similarity_term": 0.30000021457672116, "feature_knn_term": 0.0, "graph_neighbor_term": 0.2378773095542824, "compatibility_term": 0.04941635319451965}}, {"node_id": 26, "mlp_pred": 3, "mlp_max_prob": 0.9999139308929443, "mlp_margin": 0.9998677015464636, "was_uncertain": false, "final_pred": 3, "changed_from_mlp": false, "selected_threshold_high": 0.05, "selected_method_mode": "feature_first_selective_weighted_correction_v1", "winning_class_components": {"mlp_term": -8.607281121380266e-05, "feature_similarity_term": 0.3000008583068848, "feature_knn_term": 0.0, "graph_neighbor_term": 0.02978791493843464, "compatibility_term": 0.14019680573013085}}, {"node_id": 27, "mlp_pred": 2, "mlp_max_prob": 0.9890336990356445, "mlp_margin": 0.9850887861102819, "was_uncertain": false, "final_pred": 2, "changed_from_mlp": false, "selected_threshold_high": 0.05, "selected_method_mode": "feature_first_selective_weighted_correction_v1", "winning_class_components": {"mlp_term": -0.011026874091953083, "feature_similarity_term": 0.3000008940696716, "feature_knn_term": 0.0, "graph_neighbor_term": 0.003468120447932536, "compatibility_term": 0.07076942340941982}}, {"node_id": 29, "mlp_pred": 2, "mlp_max_prob": 0.482373982667923, "mlp_margin": 0.08440914750099182, "was_uncertain": false, "final_pred": 2, "changed_from_mlp": false, "selected_threshold_high": 0.05, "selected_method_mode": "feature_first_selective_weighted_correction_v1", "winning_class_components": {"mlp_term": -0.7290355681332162, "feature_similarity_term": 0.30000075101852414, "feature_knn_term": 0.0, "graph_neighbor_term": 0.009834473650401802, "compatibility_term": 0.10060222959290724}}, {"node_id": 37, "mlp_pred": 2, "mlp_max_prob": 0.949476957321167, "mlp_margin": 0.9214929863810539, "was_uncertain": false, "final_pred": 2, "changed_from_mlp": false, "selected_threshold_high": 0.05, "selected_method_mode": "feature_first_selective_weighted_correction_v1", "winning_class_components": {"mlp_term": -0.05184401724842732, "feature_similarity_term": 0.30000107288360595, "feature_knn_term": 0.0, "graph_neighbor_term": 0.0, "compatibility_term": 0.1607142857142857}}, {"node_id": 54, "mlp_pred": 2, "mlp_max_prob": 0.7291969060897827, "mlp_margin": 0.6217451468110085, "was_uncertain": false, "final_pred": 2, "changed_from_mlp": false, "selected_threshold_high": 0.05, "selected_method_mode": "feature_first_selective_weighted_correction_v1", "winning_class_components": {"mlp_term": -0.3158114790695392, "feature_similarity_term": 0.30000092983245846, "feature_knn_term": 0.0, "graph_neighbor_term": 0.0, "compatibility_term": 0.04285714285714285}}, {"node_id": 59, "mlp_pred": 3, "mlp_max_prob": 0.9688236713409424, "mlp_margin": 0.9552023429423571, "was_uncertain": false, "final_pred": 3, "changed_from_mlp": false, "selected_threshold_high": 0.05, "selected_method_mode": "feature_first_selective_weighted_correction_v1", "winning_class_components": {"mlp_term": -0.03167265337025888, "feature_similarity_term": 0.3000008940696716, "feature_knn_term": 0.0, "graph_neighbor_term": 0.0, "compatibility_term": 0.21428571428571427}}, {"node_id": 62, "mlp_pred": 0, "mlp_max_prob": 0.8066195845603943, "mlp_margin": 0.6665982753038406, "was_uncertain": false, "final_pred": 0, "changed_from_mlp": false, "selected_threshold_high": 0.05, "selected_method_mode": "feature_first_selective_weighted_correction_v1", "winning_class_components": {"mlp_term": -0.21490311645033547, "feature_similarity_term": 0.32503620386123655, "feature_knn_term": 0.0, "graph_neighbor_term": 0.0, "compatibility_term": 0.16}}, {"node_id": 68, "mlp_pred": 3, "mlp_max_prob": 0.5510520339012146, "mlp_margin": 0.3419632315635681, "was_uncertain": false, "final_pred": 3, "changed_from_mlp": false, "selected_threshold_high": 0.05, "selected_method_mode": "feature_first_selective_weighted_correction_v1", "winning_class_components": {"mlp_term": -0.5959260388955595, "feature_similarity_term": 0.2999995529651642, "feature_knn_term": 0.0,