{"dataset": "cornell", "seed": 134401, "method": "selective_graph_correction", "selected_threshold_high": 0.05, "selected_weights": {"b1": 1.0, "b2": 0.6, "b3": 0.0, "b4": 0.5, "b5": 0.3}, "mode": "feature_first_selective_weighted_correction_v1", "feature_knn_used": false, "feature_knn_k": 5, "runtime_sec": {"mlp_training_runtime_sec": 0.0, "evidence_runtime_sec": 0.0054161089938133955, "selection_runtime_sec": 0.0011836890189442784, "inference_runtime_sec": 6.013986421748996e-06, "selective_overhead_runtime_sec": 0.006605811999179423, "total_runtime_sec": 0.006605811999179423, "avg_runtime_overhead_over_mlp_sec": 0.006605811999179423}, "summary": {"val_acc_mlp": 0.7627118644067796, "val_acc_selective": 0.7627118644067796, "test_acc_mlp": 0.7027027027027027, "test_acc_selective": 0.6486486486486487, "val_fraction_uncertain": 0.05084745762711865, "test_fraction_uncertain": 0.05405405405405406, "val_fraction_changed_from_mlp": 0.03389830508474576, "test_fraction_changed_from_mlp": 0.05405405405405406, "acc_val_confident": 0.8035714285714286, "acc_val_uncertain": 0.0, "acc_test_confident": 0.6857142857142857, "acc_test_uncertain": 0.0}, "test_node_diagnostics": [{"node_id": 1, "mlp_pred": 3, "mlp_max_prob": 0.9979200959205627, "mlp_margin": 0.99705271871062, "was_uncertain": false, "final_pred": 3, "changed_from_mlp": false, "selected_threshold_high": 0.05, "selected_method_mode": "feature_first_selective_weighted_correction_v1", "winning_class_components": {"mlp_term": -0.002082070083835817, "feature_similarity_term": 0.35934895277023315, "feature_knn_term": 0.0, "graph_neighbor_term": 0.007021396862120619, "compatibility_term": 0.08734139292205484}}, {"node_id": 11, "mlp_pred": 3, "mlp_max_prob": 0.9967175126075745, "mlp_margin": 0.9941837668884546, "was_uncertain": false, "final_pred": 3, "changed_from_mlp": false, "selected_threshold_high": 0.05, "selected_method_mode": "feature_first_selective_weighted_correction_v1", "winning_class_components": {"mlp_term": -0.0032878865725643395, "feature_similarity_term": 0.3000008225440979, "feature_knn_term": 0.0, "graph_neighbor_term": 0.0, "compatibility_term": 0.18076923076923077}}, {"node_id": 15, "mlp_pred": 3, "mlp_max_prob": 0.7431026101112366, "mlp_margin": 0.6073830276727676, "was_uncertain": false, "final_pred": 3, "changed_from_mlp": false, "selected_threshold_high": 0.05, "selected_method_mode": "feature_first_selective_weighted_correction_v1", "winning_class_components": {"mlp_term": -0.2969211413619074, "feature_similarity_term": 0.3000007152557373, "feature_knn_term": 0.0, "graph_neighbor_term": 0.0, "compatibility_term": 0.18076923076923077}}, {"node_id": 19, "mlp_pred": 0, "mlp_max_prob": 0.43857085704803467, "mlp_margin": 0.09721612930297852, "was_uncertain": false, "final_pred": 0, "changed_from_mlp": false, "selected_threshold_high": 0.05, "selected_method_mode": "feature_first_selective_weighted_correction_v1", "winning_class_components": {"mlp_term": -0.8242338906048603, "feature_similarity_term": 0.3000003218650818, "feature_knn_term": 0.0, "graph_neighbor_term": 0.062120110699542666, "compatibility_term": 0.09567561297219575}}, {"node_id": 24, "mlp_pred": 4, "mlp_max_prob": 0.5282114744186401, "mlp_margin": 0.31248801946640015, "was_uncertain": false, "final_pred": 4, "changed_from_mlp": false, "selected_threshold_high": 0.05, "selected_method_mode": "feature_first_selective_weighted_correction_v1", "winning_class_components": {"mlp_term": -0.6382585557302204, "feature_similarity_term": 0.3000004291534424, "feature_knn_term": 0.0, "graph_neighbor_term": 0.09201382701990621, "compatibility_term": 0.08534956718677462}}, {"node_id": 35, "mlp_pred": 0, "mlp_max_prob": 0.957697868347168, "mlp_margin": 0.9282009080052376, "was_uncertain": false, "final_pred": 0, "changed_from_mlp": false, "selected_threshold_high": 0.05, "selected_method_mode": "feature_first_selective_weighted_correction_v1", "winning_class_components": {"mlp_term": -0.04322292826139684, "feature_similarity_term": 0.3000007152557373, "feature_knn_term": 0.0, "graph_neighbor_term": 0.0, "compatibility_term": 0.16206896551724137}}, {"node_id": 41, "mlp_pred": 0, "mlp_max_prob": 0.7168487906455994, "mlp_margin": 0.5452201813459396, "was_uncertain": false, "final_pred": 0, "changed_from_mlp": false, "selected_threshold_high": 0.05, "selected_method_mode": "feature_first_selective_weighted_correction_v1", "winning_class_components": {"mlp_term": -0.3328903523309716, "feature_similarity_term": 0.3000002861022949, "feature_knn_term": 0.0, "graph_neighbor_term": 0.375, "compatibility_term": 0.04827586206896552}}, {"node_id": 50, "mlp_pred": 3, "mlp_max_prob": 0.7781491279602051, "mlp_margin": 0.6429858952760696, "was_uncertain": false, "final_pred": 3, "changed_from_mlp": false, "selected_threshold_high": 0.05, "selected_method_mode": "feature_first_selective_weighted_correction_v1", "winning_class_components": {"mlp_term": -0.25083709198945325, "feature_similarity_term": 0.3000005722045898, "feature_knn_term": 0.0, "graph_neighbor_term": 0.0, "compatibility_term": 0.18076923076923077}}, {"node_id": 51, "mlp_pred": 0, "mlp_max_prob": 0.9999822378158569, "mlp_margin": 0.9999732770556875, "was_uncertain": false, "final_pred": 0, "changed_from_mlp": false, "selected_threshold_high": 0.05, "selected_method_mode": "feature_first_selective_weighted_correction_v1", "winning_class_components": {"mlp_term": -1.7762341892527158e-05, "feature_similarity_term": 0.30000125169754027, "feature_knn_term": 0.0, "graph_neighbor_term": 0.5, "compatibility_term": 0.04827586206896552}}, {"node_id": 53, "mlp_pred": 1, "mlp_max_prob": 0.6104704737663269, "mlp_margin": 0.4169413298368454, "was_uncertain": false, "final_pred": 1, "changed_from_mlp": false, "selected_threshold_high": 0.05, "selected_method_mode": "feature_first_selective_weighted_correction_v1", "winning_class_components": {"mlp_term": -0.49352535062007513, "feature_similarity_term": 0.30000021457672116, "feature_knn_term": 0.0, "graph_neighbor_term": 0.010870157171913981, "compatibility_term": 0.07776785917341708}}, {"node_id": 58, "mlp_pred": 3, "mlp_max_prob": 0.5037611126899719, "mlp_margin": 0.08588665723800659, "was_uncertain": false, "final_pred": 3, "changed_from_mlp": false, "selected_threshold_high": 0.05, "selected_method_mode": "feature_first_selective_weighted_correction_v1", "winning_class_components": {"mlp_term": -0.6856531060340957, "feature_similarity_term": 0.3000010371208191, "feature_knn_term": 0.0, "graph_neighbor_term": 0.0, "compatibility_term": 0.18076923076923077}}, {"node_id": 60, "mlp_pred": 2, "mlp_max_prob": 0.35653647780418396, "mlp_margin": 0.029958903789520264, "was_uncertain": true, "final_pred": 0, "changed_from_mlp": true, "selected_threshold_high": 0.05, "selected_method_mode": "feature_first_selective_weighted_correction_v1", "winning_class_components": {"mlp_term": -1.1190877657921028, "feature_similarity_term": 0.2911374270915985, "feature_knn_term": 0.0, "graph_neighbor_term": 0.5, "compatibility_term": 0.04827586206896552}}, {"node_id": 61, "mlp_pred": 3, "mlp_max_prob": 0.9989567995071411, "mlp_margin": 0.9983339968603104, "was_uncertain": false, "final_pred": 3, "changed_from_mlp": false, "selected_threshold_high": 0.05, "selected_method_mode": "feature_first_selective_weighted_correction_v1", "winning_class_components": {"mlp_term": -0.0010437450052163495, "feature_similarity_term": 0.3000015377998352, "feature_knn_term": 0.0, "graph_neighbor_term": 0.0, "compatibility_term": 0.18076923076923077}}, {"node_id": 62, "mlp_pred": 0, "mlp_max_prob": 0.6721572279930115, "mlp_margin": 0.3905276656150818, "was_uncertain": false, "final_pred": 0, "changed_from_mlp": false, "selected_threshold_high": 0.05, "selected_method_mode": "feature_first_selective_weighted_correction_v1", "winning_class_components": {"mlp_term": -0.397262995598057, "feature_similarity_term": 0.3000004649162292, "feature_knn_term": 0.0, "graph_neighbor_term": 0.13026521733018326,