{"dataset": "cornell", "seed": 134302, "method": "selective_graph_correction", "selected_threshold_high": 0.05, "selected_weights": {"b1": 1.0, "b2": 0.9, "b3": 0.0, "b4": 0.3, "b5": 0.2}, "mode": "feature_first_selective_weighted_correction_v1", "feature_knn_used": false, "feature_knn_k": 5, "runtime_sec": {"mlp_training_runtime_sec": 0.0, "evidence_runtime_sec": 0.005102405993966386, "selection_runtime_sec": 0.001197336008772254, "inference_runtime_sec": 6.8039807956665754e-06, "selective_overhead_runtime_sec": 0.006306545983534306, "total_runtime_sec": 0.006306545983534306, "avg_runtime_overhead_over_mlp_sec": 0.006306545983534306}, "summary": {"val_acc_mlp": 0.7627118644067796, "val_acc_selective": 0.7627118644067796, "test_acc_mlp": 0.6486486486486487, "test_acc_selective": 0.6756756756756757, "val_fraction_uncertain": 0.05084745762711865, "test_fraction_uncertain": 0.08108108108108109, "val_fraction_changed_from_mlp": 0.0, "test_fraction_changed_from_mlp": 0.02702702702702703, "acc_val_confident": 0.7857142857142857, "acc_val_uncertain": 0.3333333333333333, "acc_test_confident": 0.6764705882352942, "acc_test_uncertain": 0.6666666666666666}, "test_node_diagnostics": [{"node_id": 2, "mlp_pred": 3, "mlp_max_prob": 0.6492474675178528, "mlp_margin": 0.40956105291843414, "was_uncertain": false, "final_pred": 3, "changed_from_mlp": false, "selected_threshold_high": 0.05, "selected_method_mode": "feature_first_selective_weighted_correction_v1", "winning_class_components": {"mlp_term": -0.43194132907399063, "feature_similarity_term": 0.4500006437301636, "feature_knn_term": 0.0, "graph_neighbor_term": 0.2999214343139919, "compatibility_term": 0.05713652485630626}}, {"node_id": 26, "mlp_pred": 3, "mlp_max_prob": 0.9993000030517578, "mlp_margin": 0.9988520486222114, "was_uncertain": false, "final_pred": 3, "changed_from_mlp": false, "selected_threshold_high": 0.05, "selected_method_mode": "feature_first_selective_weighted_correction_v1", "winning_class_components": {"mlp_term": -0.0007002420604978573, "feature_similarity_term": 0.450001984834671, "feature_knn_term": 0.0, "graph_neighbor_term": 0.013050995831512131, "compatibility_term": 0.03171930655030336}}, {"node_id": 36, "mlp_pred": 3, "mlp_max_prob": 0.9055275321006775, "mlp_margin": 0.8347742184996605, "was_uncertain": false, "final_pred": 3, "changed_from_mlp": false, "selected_threshold_high": 0.05, "selected_method_mode": "feature_first_selective_weighted_correction_v1", "winning_class_components": {"mlp_term": -0.09923759670878103, "feature_similarity_term": 0.5642689168453217, "feature_knn_term": 0.0, "graph_neighbor_term": 0.0, "compatibility_term": 0.023809523809523808}}, {"node_id": 37, "mlp_pred": 2, "mlp_max_prob": 0.6980816125869751, "mlp_margin": 0.5472991764545441, "was_uncertain": false, "final_pred": 2, "changed_from_mlp": false, "selected_threshold_high": 0.05, "selected_method_mode": "feature_first_selective_weighted_correction_v1", "winning_class_components": {"mlp_term": -0.35941925957773985, "feature_similarity_term": 0.4500012338161469, "feature_knn_term": 0.0, "graph_neighbor_term": 0.07232174417000697, "compatibility_term": 0.04124516921168291}}, {"node_id": 38, "mlp_pred": 3, "mlp_max_prob": 0.853383481502533, "mlp_margin": 0.7167080938816071, "was_uncertain": false, "final_pred": 3, "changed_from_mlp": false, "selected_threshold_high": 0.05, "selected_method_mode": "feature_first_selective_weighted_correction_v1", "winning_class_components": {"mlp_term": -0.15854626451759293, "feature_similarity_term": 0.45000134110450746, "feature_knn_term": 0.0, "graph_neighbor_term": 0.0, "compatibility_term": 0.023809523809523808}}, {"node_id": 48, "mlp_pred": 0, "mlp_max_prob": 0.6762781143188477, "mlp_margin": 0.48399898409843445, "was_uncertain": false, "final_pred": 0, "changed_from_mlp": false, "selected_threshold_high": 0.05, "selected_method_mode": "feature_first_selective_weighted_correction_v1", "winning_class_components": {"mlp_term": -0.391150875831496, "feature_similarity_term": 0.4500005900859833, "feature_knn_term": 0.0, "graph_neighbor_term": 0.0, "compatibility_term": 0.12}}, {"node_id": 54, "mlp_pred": 2, "mlp_max_prob": 0.7548457980155945, "mlp_margin": 0.6015481352806091, "was_uncertain": false, "final_pred": 2, "changed_from_mlp": false, "selected_threshold_high": 0.05, "selected_method_mode": "feature_first_selective_weighted_correction_v1", "winning_class_components": {"mlp_term": -0.2812417916321014, "feature_similarity_term": 0.45000203847885134, "feature_knn_term": 0.0, "graph_neighbor_term": 0.013682720998339098, "compatibility_term": 0.05482151524363707}}, {"node_id": 56, "mlp_pred": 3, "mlp_max_prob": 0.9893659353256226, "mlp_margin": 0.9833257608115673, "was_uncertain": false, "final_pred": 3, "changed_from_mlp": false, "selected_threshold_high": 0.05, "selected_method_mode": "feature_first_selective_weighted_correction_v1", "winning_class_components": {"mlp_term": -0.010691010409680988, "feature_similarity_term": 0.4500020921230316, "feature_knn_term": 0.0, "graph_neighbor_term": 0.0015438780444094276, "compatibility_term": 0.07098463283621873}}, {"node_id": 65, "mlp_pred": 0, "mlp_max_prob": 0.9428245425224304, "mlp_margin": 0.9030083157122135, "was_uncertain": false, "final_pred": 0, "changed_from_mlp": false, "selected_threshold_high": 0.05, "selected_method_mode": "feature_first_selective_weighted_correction_v1", "winning_class_components": {"mlp_term": -0.0588750767332748, "feature_similarity_term": 0.4500013947486878, "feature_knn_term": 0.0, "graph_neighbor_term": 0.0, "compatibility_term": 0.072}}, {"node_id": 67, "mlp_pred": 0, "mlp_max_prob": 0.9241287708282471, "mlp_margin": 0.8870937898755074, "was_uncertain": false, "final_pred": 0, "changed_from_mlp": false, "selected_threshold_high": 0.05, "selected_method_mode": "feature_first_selective_weighted_correction_v1", "winning_class_components": {"mlp_term": -0.07890385468225285, "feature_similarity_term": 0.4500008046627045, "feature_knn_term": 0.0, "graph_neighbor_term": 0.014694868381182384, "compatibility_term": 0.091580978106735}}, {"node_id": 68, "mlp_pred": 1, "mlp_max_prob": 0.7570534348487854, "mlp_margin": 0.5968134999275208, "was_uncertain": false, "final_pred": 1, "changed_from_mlp": false, "selected_threshold_high": 0.05, "selected_method_mode": "feature_first_selective_weighted_correction_v1", "winning_class_components": {"mlp_term": -0.2783214403888705, "feature_similarity_term": 0.45000075101852416, "feature_knn_term": 0.0, "graph_neighbor_term": 0.09265787406460671, "compatibility_term": 0.047053306469106285}}, {"node_id": 69, "mlp_pred": 3, "mlp_max_prob": 0.9985878467559814, "mlp_margin": 0.9980197694385424, "was_uncertain": false, "final_pred": 3, "changed_from_mlp": false, "selected_threshold_high": 0.05, "selected_method_mode": "feature_first_selective_weighted_correction_v1", "winning_class_components": {"mlp_term": -0.0014131512721005657, "feature_similarity_term": 0.5773830413818359, "feature_knn_term": 0.0, "graph_neighbor_term": 0.14939735856738218, "compatibility_term": 0.061191281218875695}}, {"node_id": 71, "mlp_pred": 3, "mlp_max_prob": 0.8739513158798218, "mlp_margin": 0.784664012491703, "was_uncertain": false, "final_pred": 3, "changed_from_mlp": false, "selected_threshold_high": 0.05, "selected_method_mode": "feature_first_selective_weighted_correction_v1", "winning_class_components": {"mlp_term": -0.13473060753271823, "feature_similarity_term": 0.4500008583068848, "feature_knn_term": 0.0, "graph_neighbor_term": 0.026101990301699456, "compatibility_term": 0.034867184200828925}}, {"node_id": 72, "mlp_pred": 4, "mlp_max_prob": 0.5052893757820129, "mlp_margin": 0.14600086212158203, "was_uncertain": false, "final_pred": 4, "changed_from_mlp": false, "selected_threshold_high": 0.05, "selected_method_mode": "feature_first_selective_weighted_correction_v1", "winning_class_components": {"mlp_term": -0.6826239924702997, "feature_similarity_term": 0.45000091195106506,