{"dataset": "cornell", "seed": 134400, "method": "selective_graph_correction", "selected_threshold_high": 0.1, "selected_weights": {"b1": 1.0, "b2": 0.4, "b3": 0.0, "b4": 0.9, "b5": 0.5}, "mode": "feature_first_selective_weighted_correction_v1", "feature_knn_used": false, "feature_knn_k": 5, "runtime_sec": {"mlp_training_runtime_sec": 0.0, "evidence_runtime_sec": 0.008730410947464406, "selection_runtime_sec": 0.0021831189515069127, "inference_runtime_sec": 1.047900877892971e-05, "selective_overhead_runtime_sec": 0.010924008907750249, "total_runtime_sec": 0.010924008907750249, "avg_runtime_overhead_over_mlp_sec": 0.010924008907750249}, "summary": {"val_acc_mlp": 0.7796610169491526, "val_acc_selective": 0.7966101694915254, "test_acc_mlp": 0.6756756756756757, "test_acc_selective": 0.6756756756756757, "val_fraction_uncertain": 0.06779661016949153, "test_fraction_uncertain": 0.08108108108108109, "val_fraction_changed_from_mlp": 0.03389830508474576, "test_fraction_changed_from_mlp": 0.05405405405405406, "acc_val_confident": 0.8363636363636363, "acc_val_uncertain": 0.25, "acc_test_confident": 0.7352941176470589, "acc_test_uncertain": 0.0}, "test_node_diagnostics": [{"node_id": 1, "mlp_pred": 3, "mlp_max_prob": 0.9969515800476074, "mlp_margin": 0.9958557027857751, "was_uncertain": false, "final_pred": 3, "changed_from_mlp": false, "selected_threshold_high": 0.1, "selected_method_mode": "feature_first_selective_weighted_correction_v1", "winning_class_components": {"mlp_term": -0.003053075848988654, "feature_similarity_term": 0.23956596851348877, "feature_knn_term": 0.0, "graph_neighbor_term": 0.03207156227067889, "compatibility_term": 0.14834122930139915}}, {"node_id": 11, "mlp_pred": 3, "mlp_max_prob": 0.9940925240516663, "mlp_margin": 0.9912420101463795, "was_uncertain": false, "final_pred": 3, "changed_from_mlp": false, "selected_threshold_high": 0.1, "selected_method_mode": "feature_first_selective_weighted_correction_v1", "winning_class_components": {"mlp_term": -0.0059249941105265274, "feature_similarity_term": 0.20000054836273196, "feature_knn_term": 0.0, "graph_neighbor_term": 0.0, "compatibility_term": 0.30128205128205127}}, {"node_id": 15, "mlp_pred": 3, "mlp_max_prob": 0.6200017333030701, "mlp_margin": 0.3633948266506195, "was_uncertain": false, "final_pred": 3, "changed_from_mlp": false, "selected_threshold_high": 0.1, "selected_method_mode": "feature_first_selective_weighted_correction_v1", "winning_class_components": {"mlp_term": -0.4780330052967946, "feature_similarity_term": 0.20000047683715821, "feature_knn_term": 0.0, "graph_neighbor_term": 0.0, "compatibility_term": 0.30128205128205127}}, {"node_id": 19, "mlp_pred": 1, "mlp_max_prob": 0.27590492367744446, "mlp_margin": 0.06907925009727478, "was_uncertain": true, "final_pred": 1, "changed_from_mlp": false, "selected_threshold_high": 0.1, "selected_method_mode": "feature_first_selective_weighted_correction_v1", "winning_class_components": {"mlp_term": -1.2876989520412043, "feature_similarity_term": 0.20000002384185792, "feature_knn_term": 0.0, "graph_neighbor_term": 0.1846948099835934, "compatibility_term": 0.08049990405304133}}, {"node_id": 24, "mlp_pred": 3, "mlp_max_prob": 0.5423088669776917, "mlp_margin": 0.3627491444349289, "was_uncertain": false, "final_pred": 3, "changed_from_mlp": false, "selected_threshold_high": 0.1, "selected_method_mode": "feature_first_selective_weighted_correction_v1", "winning_class_components": {"mlp_term": -0.6119195745815506, "feature_similarity_term": 0.2000002145767212, "feature_knn_term": 0.0, "graph_neighbor_term": 0.4657059534513079, "compatibility_term": 0.08564663407830013}}, {"node_id": 35, "mlp_pred": 0, "mlp_max_prob": 0.8083230257034302, "mlp_margin": 0.6349324584007263, "was_uncertain": false, "final_pred": 0, "changed_from_mlp": false, "selected_threshold_high": 0.1, "selected_method_mode": "feature_first_selective_weighted_correction_v1", "winning_class_components": {"mlp_term": -0.21279351606706357, "feature_similarity_term": 0.20000047683715821, "feature_knn_term": 0.0, "graph_neighbor_term": 0.0, "compatibility_term": 0.27011494252873564}}, {"node_id": 41, "mlp_pred": 0, "mlp_max_prob": 0.5505306124687195, "mlp_margin": 0.22042903304100037, "was_uncertain": false, "final_pred": 0, "changed_from_mlp": false, "selected_threshold_high": 0.1, "selected_method_mode": "feature_first_selective_weighted_correction_v1", "winning_class_components": {"mlp_term": -0.5968727158846256, "feature_similarity_term": 0.2000001907348633, "feature_knn_term": 0.0, "graph_neighbor_term": 0.675, "compatibility_term": 0.08045977011494253}}, {"node_id": 50, "mlp_pred": 3, "mlp_max_prob": 0.9528188109397888, "mlp_margin": 0.9276476986706257, "was_uncertain": false, "final_pred": 3, "changed_from_mlp": false, "selected_threshold_high": 0.1, "selected_method_mode": "feature_first_selective_weighted_correction_v1", "winning_class_components": {"mlp_term": -0.04833051833598693, "feature_similarity_term": 0.20000038146972657, "feature_knn_term": 0.0, "graph_neighbor_term": 0.0, "compatibility_term": 0.30128205128205127}}, {"node_id": 51, "mlp_pred": 0, "mlp_max_prob": 0.999152421951294, "mlp_margin": 0.9985872833058238, "was_uncertain": false, "final_pred": 0, "changed_from_mlp": false, "selected_threshold_high": 0.1, "selected_method_mode": "feature_first_selective_weighted_correction_v1", "winning_class_components": {"mlp_term": -0.0008479374460729417, "feature_similarity_term": 0.20000083446502687, "feature_knn_term": 0.0, "graph_neighbor_term": 0.9, "compatibility_term": 0.08045977011494253}}, {"node_id": 53, "mlp_pred": 1, "mlp_max_prob": 0.5780664086341858, "mlp_margin": 0.4007265418767929, "was_uncertain": false, "final_pred": 1, "changed_from_mlp": false, "selected_threshold_high": 0.1, "selected_method_mode": "feature_first_selective_weighted_correction_v1", "winning_class_components": {"mlp_term": -0.548066523078779, "feature_similarity_term": 0.20000014305114747, "feature_knn_term": 0.0, "graph_neighbor_term": 0.007013489496884061, "compatibility_term": 0.12982170163407386}}, {"node_id": 58, "mlp_pred": 4, "mlp_max_prob": 0.5039861798286438, "mlp_margin": 0.09133878350257874, "was_uncertain": true, "final_pred": 3, "changed_from_mlp": true, "selected_threshold_high": 0.1, "selected_method_mode": "feature_first_selective_weighted_correction_v1", "winning_class_components": {"mlp_term": -0.8851618126057462, "feature_similarity_term": 0.2000006914138794, "feature_knn_term": 0.0, "graph_neighbor_term": 0.0, "compatibility_term": 0.30128205128205127}}, {"node_id": 60, "mlp_pred": 2, "mlp_max_prob": 0.45922234654426575, "mlp_margin": 0.13029512763023376, "was_uncertain": false, "final_pred": 2, "changed_from_mlp": false, "selected_threshold_high": 0.1, "selected_method_mode": "feature_first_selective_weighted_correction_v1", "winning_class_components": {"mlp_term": -0.7782207710836044, "feature_similarity_term": 0.20033912658691408, "feature_knn_term": 0.0, "graph_neighbor_term": 0.0, "compatibility_term": 0.22580645161290322}}, {"node_id": 61, "mlp_pred": 3, "mlp_max_prob": 0.9980269074440002, "mlp_margin": 0.997392977529671, "was_uncertain": false, "final_pred": 3, "changed_from_mlp": false, "selected_threshold_high": 0.1, "selected_method_mode": "feature_first_selective_weighted_correction_v1", "winning_class_components": {"mlp_term": -0.0019750416673904813, "feature_similarity_term": 0.20000102519989016, "feature_knn_term": 0.0, "graph_neighbor_term": 0.0, "compatibility_term": 0.30128205128205127}}, {"node_id": 62, "mlp_pred": 3, "mlp_max_prob": 0.8334863781929016, "mlp_margin": 0.6890944093465805, "was_uncertain": false, "final_pred": 3, "changed_from_mlp": false, "selected_threshold_high": 0.1, "selected_method_mode": "feature_first_selective_weighted_correction_v1", "winning_class_components": {"mlp_term": -0.1821379198247731, "feature_similarity_term": 0.20000052452087402, "feature_knn_term": 0.0, "graph_neighbor_term": 0.7105844592405361,