{"dataset": "cornell", "seed": 134101, "method": "selective_graph_correction", "selected_threshold_high": 0.05, "selected_weights": {"b1": 1.0, "b2": 0.6, "b3": 0.0, "b4": 0.5, "b5": 0.3}, "mode": "feature_first_selective_weighted_correction_v1", "feature_knn_used": false, "feature_knn_k": 5, "runtime_sec": {"mlp_training_runtime_sec": 0.0, "evidence_runtime_sec": 0.0051520510169211775, "selection_runtime_sec": 0.0011719480098690838, "inference_runtime_sec": 6.76099443808198e-06, "selective_overhead_runtime_sec": 0.006330760021228343, "total_runtime_sec": 0.006330760021228343, "avg_runtime_overhead_over_mlp_sec": 0.006330760021228343}, "summary": {"val_acc_mlp": 0.7457627118644068, "val_acc_selective": 0.7457627118644068, "test_acc_mlp": 0.7837837837837838, "test_acc_selective": 0.7567567567567568, "val_fraction_uncertain": 0.05084745762711865, "test_fraction_uncertain": 0.02702702702702703, "val_fraction_changed_from_mlp": 0.0, "test_fraction_changed_from_mlp": 0.02702702702702703, "acc_val_confident": 0.75, "acc_val_uncertain": 0.6666666666666666, "acc_test_confident": 0.7777777777777778, "acc_test_uncertain": 0.0}, "test_node_diagnostics": [{"node_id": 6, "mlp_pred": 4, "mlp_max_prob": 0.819915235042572, "mlp_margin": 0.7414077371358871, "was_uncertain": false, "final_pred": 4, "changed_from_mlp": false, "selected_threshold_high": 0.05, "selected_method_mode": "feature_first_selective_weighted_correction_v1", "winning_class_components": {"mlp_term": -0.19855431596638368, "feature_similarity_term": 0.30000096559524536, "feature_knn_term": 0.0, "graph_neighbor_term": 0.25336055898851045, "compatibility_term": 0.07362502696848769}}, {"node_id": 7, "mlp_pred": 2, "mlp_max_prob": 0.9817056655883789, "mlp_margin": 0.9758404600434005, "was_uncertain": false, "final_pred": 2, "changed_from_mlp": false, "selected_threshold_high": 0.05, "selected_method_mode": "feature_first_selective_weighted_correction_v1", "winning_class_components": {"mlp_term": -0.018463745098950792, "feature_similarity_term": 0.30000096559524536, "feature_knn_term": 0.0, "graph_neighbor_term": 0.18682135380588444, "compatibility_term": 0.08500026371329654}}, {"node_id": 12, "mlp_pred": 2, "mlp_max_prob": 0.7472854256629944, "mlp_margin": 0.5824060589075089, "was_uncertain": false, "final_pred": 2, "changed_from_mlp": false, "selected_threshold_high": 0.05, "selected_method_mode": "feature_first_selective_weighted_correction_v1", "winning_class_components": {"mlp_term": -0.29130807089498484, "feature_similarity_term": 0.30000053644180297, "feature_knn_term": 0.0, "graph_neighbor_term": 0.49085281130850117, "compatibility_term": 0.019481868676645375}}, {"node_id": 14, "mlp_pred": 3, "mlp_max_prob": 0.9418445229530334, "mlp_margin": 0.9169357605278492, "was_uncertain": false, "final_pred": 3, "changed_from_mlp": false, "selected_threshold_high": 0.05, "selected_method_mode": "feature_first_selective_weighted_correction_v1", "winning_class_components": {"mlp_term": -0.0599150679717161, "feature_similarity_term": 0.3000011086463928, "feature_knn_term": 0.0, "graph_neighbor_term": 0.0, "compatibility_term": 0.17500000000000002}}, {"node_id": 25, "mlp_pred": 0, "mlp_max_prob": 0.903596818447113, "mlp_margin": 0.8528501652181149, "was_uncertain": false, "final_pred": 0, "changed_from_mlp": false, "selected_threshold_high": 0.05, "selected_method_mode": "feature_first_selective_weighted_correction_v1", "winning_class_components": {"mlp_term": -0.10137201536935134, "feature_similarity_term": 0.32817378044128415, "feature_knn_term": 0.0, "graph_neighbor_term": 0.00043279207190358534, "compatibility_term": 0.16138037386106682}}, {"node_id": 26, "mlp_pred": 3, "mlp_max_prob": 0.978660523891449, "mlp_margin": 0.9691869001835585, "was_uncertain": false, "final_pred": 3, "changed_from_mlp": false, "selected_threshold_high": 0.05, "selected_method_mode": "feature_first_selective_weighted_correction_v1", "winning_class_components": {"mlp_term": -0.021570454613213722, "feature_similarity_term": 0.30000078678131104, "feature_knn_term": 0.0, "graph_neighbor_term": 0.0, "compatibility_term": 0.10178571428571428}}, {"node_id": 30, "mlp_pred": 3, "mlp_max_prob": 0.9682728052139282, "mlp_margin": 0.9475650880485773, "was_uncertain": false, "final_pred": 3, "changed_from_mlp": false, "selected_threshold_high": 0.05, "selected_method_mode": "feature_first_selective_weighted_correction_v1", "winning_class_components": {"mlp_term": -0.03224140784225448, "feature_similarity_term": 0.30000075101852414, "feature_knn_term": 0.0, "graph_neighbor_term": 0.017043251335197584, "compatibility_term": 0.1675543476874898}}, {"node_id": 34, "mlp_pred": 3, "mlp_max_prob": 0.9963958859443665, "mlp_margin": 0.9946627096505836, "was_uncertain": false, "final_pred": 3, "changed_from_mlp": false, "selected_threshold_high": 0.05, "selected_method_mode": "feature_first_selective_weighted_correction_v1", "winning_class_components": {"mlp_term": -0.0036106245223803345, "feature_similarity_term": 0.30000092983245846, "feature_knn_term": 0.0, "graph_neighbor_term": 0.0, "compatibility_term": 0.17500000000000002}}, {"node_id": 38, "mlp_pred": 3, "mlp_max_prob": 0.848867654800415, "mlp_margin": 0.752045288681984, "was_uncertain": false, "final_pred": 3, "changed_from_mlp": false, "selected_threshold_high": 0.05, "selected_method_mode": "feature_first_selective_weighted_correction_v1", "winning_class_components": {"mlp_term": -0.1638519884492137, "feature_similarity_term": 0.3683229088783264, "feature_knn_term": 0.0, "graph_neighbor_term": 0.16022848560129374, "compatibility_term": 0.04289525560821708}}, {"node_id": 40, "mlp_pred": 3, "mlp_max_prob": 0.8370169997215271, "mlp_margin": 0.7184280082583427, "was_uncertain": false, "final_pred": 3, "changed_from_mlp": false, "selected_threshold_high": 0.05, "selected_method_mode": "feature_first_selective_weighted_correction_v1", "winning_class_components": {"mlp_term": -0.17791089839840282, "feature_similarity_term": 0.30000096559524536, "feature_knn_term": 0.0, "graph_neighbor_term": 0.0, "compatibility_term": 0.17500000000000002}}, {"node_id": 43, "mlp_pred": 2, "mlp_max_prob": 0.5924271941184998, "mlp_margin": 0.2932596504688263, "was_uncertain": false, "final_pred": 2, "changed_from_mlp": false, "selected_threshold_high": 0.05, "selected_method_mode": "feature_first_selective_weighted_correction_v1", "winning_class_components": {"mlp_term": -0.5235272926480039, "feature_similarity_term": 0.3000008583068848, "feature_knn_term": 0.0, "graph_neighbor_term": 0.16666666666666666, "compatibility_term": 0.09999999999999999}}, {"node_id": 62, "mlp_pred": 0, "mlp_max_prob": 0.9991158843040466, "mlp_margin": 0.9986620544514153, "was_uncertain": false, "final_pred": 0, "changed_from_mlp": false, "selected_threshold_high": 0.05, "selected_method_mode": "feature_first_selective_weighted_correction_v1", "winning_class_components": {"mlp_term": -0.0008845067567475989, "feature_similarity_term": 0.3464613676071167, "feature_knn_term": 0.0, "graph_neighbor_term": 0.0, "compatibility_term": 0.1633333333333333}}, {"node_id": 64, "mlp_pred": 0, "mlp_max_prob": 0.996845543384552, "mlp_margin": 0.9957526219077408, "was_uncertain": false, "final_pred": 0, "changed_from_mlp": false, "selected_threshold_high": 0.05, "selected_method_mode": "feature_first_selective_weighted_correction_v1", "winning_class_components": {"mlp_term": -0.0031594424014419545, "feature_similarity_term": 0.30000096559524536, "feature_knn_term": 0.0, "graph_neighbor_term": 0.012186732915589343, "compatibility_term": 0.05470375496349057}}, {"node_id": 77, "mlp_pred": 3, "mlp_max_prob": 0.6232869625091553, "mlp_margin": 0.35690900683403015, "was_uncertain": false, "final_pred": 3, "changed_from_mlp": false, "selected_threshold_high": 0.05, "selected_method_mode": "feature_first_selective_weighted_correction_v1", "winning_class_components": {"mlp_term": -0.4727482522653563, "feature_similarity_term": 0.30000078678131104,