{"dataset": "cornell", "seed": 134202, "method": "selective_graph_correction", "selected_threshold_high": 0.05, "selected_weights": {"b1": 1.0, "b2": 0.6, "b3": 0.0, "b4": 0.5, "b5": 0.3}, "mode": "feature_first_selective_weighted_correction_v1", "feature_knn_used": false, "feature_knn_k": 5, "runtime_sec": {"mlp_training_runtime_sec": 0.0, "evidence_runtime_sec": 0.0050807580118998885, "selection_runtime_sec": 0.0011617569834925234, "inference_runtime_sec": 6.345013389363885e-06, "selective_overhead_runtime_sec": 0.006248860008781776, "total_runtime_sec": 0.006248860008781776, "avg_runtime_overhead_over_mlp_sec": 0.006248860008781776}, "summary": {"val_acc_mlp": 0.7627118644067796, "val_acc_selective": 0.7627118644067796, "test_acc_mlp": 0.6216216216216216, "test_acc_selective": 0.6756756756756757, "val_fraction_uncertain": 0.03389830508474576, "test_fraction_uncertain": 0.08108108108108109, "val_fraction_changed_from_mlp": 0.0, "test_fraction_changed_from_mlp": 0.05405405405405406, "acc_val_confident": 0.7894736842105263, "acc_val_uncertain": 0.0, "acc_test_confident": 0.6764705882352942, "acc_test_uncertain": 0.6666666666666666}, "test_node_diagnostics": [{"node_id": 5, "mlp_pred": 2, "mlp_max_prob": 0.9655990600585938, "mlp_margin": 0.9426523242145777, "was_uncertain": false, "final_pred": 2, "changed_from_mlp": false, "selected_threshold_high": 0.05, "selected_method_mode": "feature_first_selective_weighted_correction_v1", "winning_class_components": {"mlp_term": -0.035006582626594646, "feature_similarity_term": 0.3000008940696716, "feature_knn_term": 0.0, "graph_neighbor_term": 0.20864813766953366, "compatibility_term": 0.05354571130318229}}, {"node_id": 13, "mlp_pred": 3, "mlp_max_prob": 0.9985488057136536, "mlp_margin": 0.9976951296557672, "was_uncertain": false, "final_pred": 3, "changed_from_mlp": false, "selected_threshold_high": 0.05, "selected_method_mode": "feature_first_selective_weighted_correction_v1", "winning_class_components": {"mlp_term": -0.0014522482886062478, "feature_similarity_term": 0.300001323223114, "feature_knn_term": 0.0, "graph_neighbor_term": 0.17060761222628387, "compatibility_term": 0.13581830884785617}}, {"node_id": 17, "mlp_pred": 2, "mlp_max_prob": 0.8191524744033813, "mlp_margin": 0.7395867630839348, "was_uncertain": false, "final_pred": 2, "changed_from_mlp": false, "selected_threshold_high": 0.05, "selected_method_mode": "feature_first_selective_weighted_correction_v1", "winning_class_components": {"mlp_term": -0.19948504102411815, "feature_similarity_term": 0.3000001788139343, "feature_knn_term": 0.0, "graph_neighbor_term": 0.0, "compatibility_term": 0.15517241379310345}}, {"node_id": 20, "mlp_pred": 3, "mlp_max_prob": 0.8408477902412415, "mlp_margin": 0.6920565813779831, "was_uncertain": false, "final_pred": 3, "changed_from_mlp": false, "selected_threshold_high": 0.05, "selected_method_mode": "feature_first_selective_weighted_correction_v1", "winning_class_components": {"mlp_term": -0.17334462202272838, "feature_similarity_term": 0.3000010371208191, "feature_knn_term": 0.0, "graph_neighbor_term": 0.29796647383167946, "compatibility_term": 0.047885012924085854}}, {"node_id": 22, "mlp_pred": 2, "mlp_max_prob": 0.5321434736251831, "mlp_margin": 0.2776651382446289, "was_uncertain": false, "final_pred": 2, "changed_from_mlp": false, "selected_threshold_high": 0.05, "selected_method_mode": "feature_first_selective_weighted_correction_v1", "winning_class_components": {"mlp_term": -0.6308421387341845, "feature_similarity_term": 0.30000035762786864, "feature_knn_term": 0.0, "graph_neighbor_term": 0.17842714232298548, "compatibility_term": 0.040062101661664615}}, {"node_id": 26, "mlp_pred": 3, "mlp_max_prob": 0.9990302324295044, "mlp_margin": 0.9986436635081191, "was_uncertain": false, "final_pred": 3, "changed_from_mlp": false, "selected_threshold_high": 0.05, "selected_method_mode": "feature_first_selective_weighted_correction_v1", "winning_class_components": {"mlp_term": -0.0009702380992929736, "feature_similarity_term": 0.30000135898590086, "feature_knn_term": 0.0, "graph_neighbor_term": 0.0, "compatibility_term": 0.0984375}}, {"node_id": 27, "mlp_pred": 2, "mlp_max_prob": 0.9277666211128235, "mlp_margin": 0.8999366834759712, "was_uncertain": false, "final_pred": 2, "changed_from_mlp": false, "selected_threshold_high": 0.05, "selected_method_mode": "feature_first_selective_weighted_correction_v1", "winning_class_components": {"mlp_term": -0.07497506369361287, "feature_similarity_term": 0.30000067949295045, "feature_knn_term": 0.0, "graph_neighbor_term": 0.010012571318034083, "compatibility_term": 0.06698432790986072}}, {"node_id": 29, "mlp_pred": 2, "mlp_max_prob": 0.760947585105896, "mlp_margin": 0.5808624774217606, "was_uncertain": false, "final_pred": 2, "changed_from_mlp": false, "selected_threshold_high": 0.05, "selected_method_mode": "feature_first_selective_weighted_correction_v1", "winning_class_components": {"mlp_term": -0.27319079983169947, "feature_similarity_term": 0.3000008583068848, "feature_knn_term": 0.0, "graph_neighbor_term": 0.0, "compatibility_term": 0.10344827586206896}}, {"node_id": 33, "mlp_pred": 0, "mlp_max_prob": 0.9976866245269775, "mlp_margin": 0.9967835001880303, "was_uncertain": false, "final_pred": 0, "changed_from_mlp": false, "selected_threshold_high": 0.05, "selected_method_mode": "feature_first_selective_weighted_correction_v1", "winning_class_components": {"mlp_term": -0.0023160554600707125, "feature_similarity_term": 0.3000010371208191, "feature_knn_term": 0.0, "graph_neighbor_term": 0.5, "compatibility_term": 0.048}}, {"node_id": 34, "mlp_pred": 3, "mlp_max_prob": 0.9904866814613342, "mlp_margin": 0.9870812406297773, "was_uncertain": false, "final_pred": 3, "changed_from_mlp": false, "selected_threshold_high": 0.05, "selected_method_mode": "feature_first_selective_weighted_correction_v1", "winning_class_components": {"mlp_term": -0.009558859212243156, "feature_similarity_term": 0.3000005722045898, "feature_knn_term": 0.0, "graph_neighbor_term": 0.0, "compatibility_term": 0.1734375}}, {"node_id": 49, "mlp_pred": 4, "mlp_max_prob": 0.441578209400177, "mlp_margin": 0.01771685481071472, "was_uncertain": true, "final_pred": 3, "changed_from_mlp": true, "selected_threshold_high": 0.05, "selected_method_mode": "feature_first_selective_weighted_correction_v1", "winning_class_components": {"mlp_term": -0.8583488711171173, "feature_similarity_term": 0.33320242166519165, "feature_knn_term": 0.0, "graph_neighbor_term": 0.0024536556707208525, "compatibility_term": 0.17189518706111237}}, {"node_id": 50, "mlp_pred": 3, "mlp_max_prob": 0.573940634727478, "mlp_margin": 0.36991390585899353, "was_uncertain": false, "final_pred": 3, "changed_from_mlp": false, "selected_threshold_high": 0.05, "selected_method_mode": "feature_first_selective_weighted_correction_v1", "winning_class_components": {"mlp_term": -0.5552293118309074, "feature_similarity_term": 0.30000067949295045, "feature_knn_term": 0.0, "graph_neighbor_term": 0.025859936234883234, "compatibility_term": 0.16747708906631967}}, {"node_id": 52, "mlp_pred": 0, "mlp_max_prob": 0.9855440258979797, "mlp_margin": 0.9754829751327634, "was_uncertain": false, "final_pred": 0, "changed_from_mlp": false, "selected_threshold_high": 0.05, "selected_method_mode": "feature_first_selective_weighted_correction_v1", "winning_class_components": {"mlp_term": -0.014561479721061915, "feature_similarity_term": 0.30000075101852414, "feature_knn_term": 0.0, "graph_neighbor_term": 0.0012192629849537627, "compatibility_term": 0.06015428258192088}}, {"node_id": 55, "mlp_pred": 3, "mlp_max_prob": 0.9063005447387695, "mlp_margin": 0.8674745224416256, "was_uncertain": false, "final_pred": 3, "changed_from_mlp": false, "selected_threshold_high": 0.05, "selected_method_mode": "feature_first_selective_weighted_correction_v1", "winning_class_components": {"mlp_term": -0.09838430086368748, "feature_similarity_term": 0.3000008583068848, "feature_knn_term": 0.0,