{"dataset": "cornell", "seed": 134201, "method": "selective_graph_correction", "selected_threshold_high": 0.05, "selected_weights": {"b1": 1.0, "b2": 0.6, "b3": 0.0, "b4": 0.5, "b5": 0.3}, "mode": "feature_first_selective_weighted_correction_v1", "feature_knn_used": false, "feature_knn_k": 5, "runtime_sec": {"mlp_training_runtime_sec": 0.0, "evidence_runtime_sec": 0.009023213060572743, "selection_runtime_sec": 0.0021874260855838656, "inference_runtime_sec": 1.0118936188519001e-05, "selective_overhead_runtime_sec": 0.011220758082345128, "total_runtime_sec": 0.011220758082345128, "avg_runtime_overhead_over_mlp_sec": 0.011220758082345128}, "summary": {"val_acc_mlp": 0.8135593220338984, "val_acc_selective": 0.7966101694915254, "test_acc_mlp": 0.6486486486486487, "test_acc_selective": 0.6486486486486487, "val_fraction_uncertain": 0.05084745762711865, "test_fraction_uncertain": 0.0, "val_fraction_changed_from_mlp": 0.01694915254237288, "test_fraction_changed_from_mlp": 0.0, "acc_val_confident": 0.8214285714285714, "acc_val_uncertain": 0.3333333333333333, "acc_test_confident": 0.6486486486486487, "acc_test_uncertain": null}, "test_node_diagnostics": [{"node_id": 5, "mlp_pred": 2, "mlp_max_prob": 0.9248978495597839, "mlp_margin": 0.8962653148919344, "was_uncertain": false, "final_pred": 2, "changed_from_mlp": false, "selected_threshold_high": 0.05, "selected_method_mode": "feature_first_selective_weighted_correction_v1", "winning_class_components": {"mlp_term": -0.07807198047621614, "feature_similarity_term": 0.3000008940696716, "feature_knn_term": 0.0, "graph_neighbor_term": 0.18615984944943084, "compatibility_term": 0.0564554780151767}}, {"node_id": 13, "mlp_pred": 3, "mlp_max_prob": 0.9980732202529907, "mlp_margin": 0.9972335062921047, "was_uncertain": false, "final_pred": 3, "changed_from_mlp": false, "selected_threshold_high": 0.05, "selected_method_mode": "feature_first_selective_weighted_correction_v1", "winning_class_components": {"mlp_term": -0.001928638374934183, "feature_similarity_term": 0.300001323223114, "feature_knn_term": 0.0, "graph_neighbor_term": 0.17107639099926839, "compatibility_term": 0.13569091373780853}}, {"node_id": 17, "mlp_pred": 2, "mlp_max_prob": 0.6883490681648254, "mlp_margin": 0.5145435631275177, "was_uncertain": false, "final_pred": 2, "changed_from_mlp": false, "selected_threshold_high": 0.05, "selected_method_mode": "feature_first_selective_weighted_correction_v1", "winning_class_components": {"mlp_term": -0.37345920319702486, "feature_similarity_term": 0.3000001788139343, "feature_knn_term": 0.0, "graph_neighbor_term": 0.0, "compatibility_term": 0.15517241379310345}}, {"node_id": 20, "mlp_pred": 3, "mlp_max_prob": 0.6336647272109985, "mlp_margin": 0.28500276803970337, "was_uncertain": false, "final_pred": 3, "changed_from_mlp": false, "selected_threshold_high": 0.05, "selected_method_mode": "feature_first_selective_weighted_correction_v1", "winning_class_components": {"mlp_term": -0.45623528585403667, "feature_similarity_term": 0.3000010371208191, "feature_knn_term": 0.0, "graph_neighbor_term": 0.3182526374128263, "compatibility_term": 0.055581066873001475}}, {"node_id": 22, "mlp_pred": 2, "mlp_max_prob": 0.4202103018760681, "mlp_margin": 0.17775225639343262, "was_uncertain": false, "final_pred": 2, "changed_from_mlp": false, "selected_threshold_high": 0.05, "selected_method_mode": "feature_first_selective_weighted_correction_v1", "winning_class_components": {"mlp_term": -0.8669999742699837, "feature_similarity_term": 0.30000035762786864, "feature_knn_term": 0.0, "graph_neighbor_term": 0.1706201108526525, "compatibility_term": 0.0413399554105986}}, {"node_id": 26, "mlp_pred": 3, "mlp_max_prob": 0.9976703524589539, "mlp_margin": 0.9960505589842796, "was_uncertain": false, "final_pred": 3, "changed_from_mlp": false, "selected_threshold_high": 0.05, "selected_method_mode": "feature_first_selective_weighted_correction_v1", "winning_class_components": {"mlp_term": -0.0023323653917889176, "feature_similarity_term": 0.30000135898590086, "feature_knn_term": 0.0, "graph_neighbor_term": 0.0, "compatibility_term": 0.0984375}}, {"node_id": 27, "mlp_pred": 2, "mlp_max_prob": 0.8563310503959656, "mlp_margin": 0.8033359125256538, "was_uncertain": false, "final_pred": 2, "changed_from_mlp": false, "selected_threshold_high": 0.05, "selected_method_mode": "feature_first_selective_weighted_correction_v1", "winning_class_components": {"mlp_term": -0.15509823648868257, "feature_similarity_term": 0.30000067949295045, "feature_knn_term": 0.0, "graph_neighbor_term": 0.025420019308403062, "compatibility_term": 0.06371576561910361}}, {"node_id": 29, "mlp_pred": 4, "mlp_max_prob": 0.43662264943122864, "mlp_margin": 0.15142208337783813, "was_uncertain": false, "final_pred": 4, "changed_from_mlp": false, "selected_threshold_high": 0.05, "selected_method_mode": "feature_first_selective_weighted_correction_v1", "winning_class_components": {"mlp_term": -0.8286859593652436, "feature_similarity_term": 0.3000004291534424, "feature_knn_term": 0.0, "graph_neighbor_term": 0.25, "compatibility_term": 0.06666666666666667}}, {"node_id": 33, "mlp_pred": 0, "mlp_max_prob": 0.9920672178268433, "mlp_margin": 0.9889625462237746, "was_uncertain": false, "final_pred": 0, "changed_from_mlp": false, "selected_threshold_high": 0.05, "selected_method_mode": "feature_first_selective_weighted_correction_v1", "winning_class_components": {"mlp_term": -0.007964414086771, "feature_similarity_term": 0.3000010371208191, "feature_knn_term": 0.0, "graph_neighbor_term": 0.5, "compatibility_term": 0.048}}, {"node_id": 34, "mlp_pred": 3, "mlp_max_prob": 0.9828379154205322, "mlp_margin": 0.9760768408887088, "was_uncertain": false, "final_pred": 3, "changed_from_mlp": false, "selected_threshold_high": 0.05, "selected_method_mode": "feature_first_selective_weighted_correction_v1", "winning_class_components": {"mlp_term": -0.017311060100292153, "feature_similarity_term": 0.3000005722045898, "feature_knn_term": 0.0, "graph_neighbor_term": 0.0, "compatibility_term": 0.1734375}}, {"node_id": 49, "mlp_pred": 4, "mlp_max_prob": 0.538173258304596, "mlp_margin": 0.15069979429244995, "was_uncertain": false, "final_pred": 4, "changed_from_mlp": false, "selected_threshold_high": 0.05, "selected_method_mode": "feature_first_selective_weighted_correction_v1", "winning_class_components": {"mlp_term": -0.6195747292062159, "feature_similarity_term": 0.2961385130882263, "feature_knn_term": 0.0, "graph_neighbor_term": 0.008534763506251859, "compatibility_term": 0.06589275147075004}}, {"node_id": 50, "mlp_pred": 3, "mlp_max_prob": 0.6831159591674805, "mlp_margin": 0.5147379636764526, "was_uncertain": false, "final_pred": 3, "changed_from_mlp": false, "selected_threshold_high": 0.05, "selected_method_mode": "feature_first_selective_weighted_correction_v1", "winning_class_components": {"mlp_term": -0.3810906546604401, "feature_similarity_term": 0.30000067949295045, "feature_knn_term": 0.0, "graph_neighbor_term": 0.015846358216940165, "compatibility_term": 0.16987548724272042}}, {"node_id": 52, "mlp_pred": 0, "mlp_max_prob": 0.9869202375411987, "mlp_margin": 0.9757017102092505, "was_uncertain": false, "final_pred": 0, "changed_from_mlp": false, "selected_threshold_high": 0.05, "selected_method_mode": "feature_first_selective_weighted_correction_v1", "winning_class_components": {"mlp_term": -0.01316605584237161, "feature_similarity_term": 0.30000075101852414, "feature_knn_term": 0.0, "graph_neighbor_term": 0.002855396714008442, "compatibility_term": 0.06054414997875351}}, {"node_id": 55, "mlp_pred": 3, "mlp_max_prob": 0.8769799470901489, "mlp_margin": 0.8140616193413734, "was_uncertain": false, "final_pred": 3, "changed_from_mlp": false, "selected_threshold_high": 0.05, "selected_method_mode": "feature_first_selective_weighted_correction_v1", "winning_class_components": {"mlp_term": -0.13127115221897676, "feature_similarity_term": 0.3000008583068848, "feature_knn_term": 0.0, "graph_neighbor_term": 0.0,