{"dataset": "cornell", "seed": 134102, "method": "selective_graph_correction", "selected_threshold_high": 0.05, "selected_weights": {"b1": 1.0, "b2": 0.9, "b3": 0.0, "b4": 0.3, "b5": 0.2}, "mode": "feature_first_selective_weighted_correction_v1", "feature_knn_used": false, "feature_knn_k": 5, "runtime_sec": {"mlp_training_runtime_sec": 0.0, "evidence_runtime_sec": 0.005067197984317318, "selection_runtime_sec": 0.001174314005766064, "inference_runtime_sec": 6.526999641209841e-06, "selective_overhead_runtime_sec": 0.006248038989724591, "total_runtime_sec": 0.006248038989724591, "avg_runtime_overhead_over_mlp_sec": 0.006248038989724591}, "summary": {"val_acc_mlp": 0.6949152542372882, "val_acc_selective": 0.6779661016949152, "test_acc_mlp": 0.7567567567567568, "test_acc_selective": 0.7567567567567568, "val_fraction_uncertain": 0.1016949152542373, "test_fraction_uncertain": 0.02702702702702703, "val_fraction_changed_from_mlp": 0.03389830508474576, "test_fraction_changed_from_mlp": 0.0, "acc_val_confident": 0.7169811320754716, "acc_val_uncertain": 0.3333333333333333, "acc_test_confident": 0.7777777777777778, "acc_test_uncertain": 0.0}, "test_node_diagnostics": [{"node_id": 6, "mlp_pred": 4, "mlp_max_prob": 0.8561521768569946, "mlp_margin": 0.801227230578661, "was_uncertain": false, "final_pred": 4, "changed_from_mlp": false, "selected_threshold_high": 0.05, "selected_method_mode": "feature_first_selective_weighted_correction_v1", "winning_class_components": {"mlp_term": -0.15530714193870374, "feature_similarity_term": 0.45000144839286804, "feature_knn_term": 0.0, "graph_neighbor_term": 0.15749500556712437, "compatibility_term": 0.050621554622619774}}, {"node_id": 7, "mlp_pred": 2, "mlp_max_prob": 0.9192356467247009, "mlp_margin": 0.8795187808573246, "was_uncertain": false, "final_pred": 2, "changed_from_mlp": false, "selected_threshold_high": 0.05, "selected_method_mode": "feature_first_selective_weighted_correction_v1", "winning_class_components": {"mlp_term": -0.08421277303775004, "feature_similarity_term": 0.45000144839286804, "feature_knn_term": 0.0, "graph_neighbor_term": 0.09499379520296411, "compatibility_term": 0.0574771179977615}}, {"node_id": 12, "mlp_pred": 2, "mlp_max_prob": 0.6332919597625732, "mlp_margin": 0.3791562616825104, "was_uncertain": false, "final_pred": 2, "changed_from_mlp": false, "selected_threshold_high": 0.05, "selected_method_mode": "feature_first_selective_weighted_correction_v1", "winning_class_components": {"mlp_term": -0.45682373132026993, "feature_similarity_term": 0.4500008046627045, "feature_knn_term": 0.0, "graph_neighbor_term": 0.2757707006308209, "compatibility_term": 0.013780302027734257}}, {"node_id": 14, "mlp_pred": 3, "mlp_max_prob": 0.9365004301071167, "mlp_margin": 0.9129712749272585, "was_uncertain": false, "final_pred": 3, "changed_from_mlp": false, "selected_threshold_high": 0.05, "selected_method_mode": "feature_first_selective_weighted_correction_v1", "winning_class_components": {"mlp_term": -0.06560529782728597, "feature_similarity_term": 0.45000166296958927, "feature_knn_term": 0.0, "graph_neighbor_term": 0.0, "compatibility_term": 0.11666666666666668}}, {"node_id": 25, "mlp_pred": 0, "mlp_max_prob": 0.9021649956703186, "mlp_margin": 0.842834584414959, "was_uncertain": false, "final_pred": 0, "changed_from_mlp": false, "selected_threshold_high": 0.05, "selected_method_mode": "feature_first_selective_weighted_correction_v1", "winning_class_components": {"mlp_term": -0.10295785361852978, "feature_similarity_term": 0.4922606706619263, "feature_knn_term": 0.0, "graph_neighbor_term": 8.574133226929265e-05, "compatibility_term": 0.10832389337164412}}, {"node_id": 26, "mlp_pred": 3, "mlp_max_prob": 0.9464982748031616, "mlp_margin": 0.9057416059076786, "was_uncertain": false, "final_pred": 3, "changed_from_mlp": false, "selected_threshold_high": 0.05, "selected_method_mode": "feature_first_selective_weighted_correction_v1", "winning_class_components": {"mlp_term": -0.0549861310463471, "feature_similarity_term": 0.45000118017196655, "feature_knn_term": 0.0, "graph_neighbor_term": 0.0, "compatibility_term": 0.06785714285714287}}, {"node_id": 30, "mlp_pred": 3, "mlp_max_prob": 0.985787034034729, "mlp_margin": 0.9745301688089967, "was_uncertain": false, "final_pred": 3, "changed_from_mlp": false, "selected_threshold_high": 0.05, "selected_method_mode": "feature_first_selective_weighted_correction_v1", "winning_class_components": {"mlp_term": -0.014314937531452769, "feature_similarity_term": 0.4500011265277863, "feature_knn_term": 0.0, "graph_neighbor_term": 0.007606665528429688, "compatibility_term": 0.10834142565770688}}, {"node_id": 34, "mlp_pred": 3, "mlp_max_prob": 0.9986336827278137, "mlp_margin": 0.997887865814846, "was_uncertain": false, "final_pred": 3, "changed_from_mlp": false, "selected_threshold_high": 0.05, "selected_method_mode": "feature_first_selective_weighted_correction_v1", "winning_class_components": {"mlp_term": -0.0013672515347267456, "feature_similarity_term": 0.4500013947486878, "feature_knn_term": 0.0, "graph_neighbor_term": 0.0, "compatibility_term": 0.11666666666666668}}, {"node_id": 38, "mlp_pred": 3, "mlp_max_prob": 0.8143815398216248, "mlp_margin": 0.7334788367152214, "was_uncertain": false, "final_pred": 3, "changed_from_mlp": false, "selected_threshold_high": 0.05, "selected_method_mode": "feature_first_selective_weighted_correction_v1", "winning_class_components": {"mlp_term": -0.2053263006559166, "feature_similarity_term": 0.5524843633174896, "feature_knn_term": 0.0, "graph_neighbor_term": 0.10247829862185931, "compatibility_term": 0.02828288767896661}}, {"node_id": 40, "mlp_pred": 3, "mlp_max_prob": 0.8209071755409241, "mlp_margin": 0.6985502541065216, "was_uncertain": false, "final_pred": 3, "changed_from_mlp": false, "selected_threshold_high": 0.05, "selected_method_mode": "feature_first_selective_weighted_correction_v1", "winning_class_components": {"mlp_term": -0.19734523860030867, "feature_similarity_term": 0.45000144839286804, "feature_knn_term": 0.0, "graph_neighbor_term": 0.0, "compatibility_term": 0.11666666666666668}}, {"node_id": 43, "mlp_pred": 2, "mlp_max_prob": 0.421085000038147, "mlp_margin": 0.10699403285980225, "was_uncertain": false, "final_pred": 2, "changed_from_mlp": false, "selected_threshold_high": 0.05, "selected_method_mode": "feature_first_selective_weighted_correction_v1", "winning_class_components": {"mlp_term": -0.8649205653507438, "feature_similarity_term": 0.45000128746032714, "feature_knn_term": 0.0, "graph_neighbor_term": 0.09999999999999999, "compatibility_term": 0.06666666666666667}}, {"node_id": 62, "mlp_pred": 0, "mlp_max_prob": 0.9988921284675598, "mlp_margin": 0.9984109906945378, "was_uncertain": false, "final_pred": 0, "changed_from_mlp": false, "selected_threshold_high": 0.05, "selected_method_mode": "feature_first_selective_weighted_correction_v1", "winning_class_components": {"mlp_term": -0.001108485675742871, "feature_similarity_term": 0.5196920514106751, "feature_knn_term": 0.0, "graph_neighbor_term": 0.0, "compatibility_term": 0.10888888888888888}}, {"node_id": 64, "mlp_pred": 0, "mlp_max_prob": 0.9774121046066284, "mlp_margin": 0.9641378233209252, "was_uncertain": false, "final_pred": 0, "changed_from_mlp": false, "selected_threshold_high": 0.05, "selected_method_mode": "feature_first_selective_weighted_correction_v1", "winning_class_components": {"mlp_term": -0.022846909726526324, "feature_similarity_term": 0.45000144839286804, "feature_knn_term": 0.0, "graph_neighbor_term": 0.007020901921124291, "compatibility_term": 0.04579019323096813}}, {"node_id": 77, "mlp_pred": 3, "mlp_max_prob": 0.45490437746047974, "mlp_margin": 0.0004774630069732666, "was_uncertain": true, "final_pred": 3, "changed_from_mlp": false, "selected_threshold_high": 0.05, "selected_method_mode": "feature_first_selective_weighted_correction_v1", "winning_class_components": {"mlp_term": -0.7876680415452907, "feature_similarity_term": 0.45000118017196655,