{"dataset": "cornell", "seed": 134000, "method": "selective_graph_correction", "selected_threshold_high": 0.05, "selected_weights": {"b1": 1.0, "b2": 0.6, "b3": 0.0, "b4": 0.5, "b5": 0.3}, "mode": "feature_first_selective_weighted_correction_v1", "feature_knn_used": false, "feature_knn_k": 5, "runtime_sec": {"mlp_training_runtime_sec": 0.0, "evidence_runtime_sec": 0.005784498993307352, "selection_runtime_sec": 0.0011291379923932254, "inference_runtime_sec": 5.880996468476951e-06, "selective_overhead_runtime_sec": 0.0069195179821690544, "total_runtime_sec": 0.0069195179821690544, "avg_runtime_overhead_over_mlp_sec": 0.0069195179821690544}, "summary": {"val_acc_mlp": 0.6779661016949152, "val_acc_selective": 0.6610169491525424, "test_acc_mlp": 0.7297297297297297, "test_acc_selective": 0.7027027027027027, "val_fraction_uncertain": 0.01694915254237288, "test_fraction_uncertain": 0.02702702702702703, "val_fraction_changed_from_mlp": 0.01694915254237288, "test_fraction_changed_from_mlp": 0.02702702702702703, "acc_val_confident": 0.6724137931034483, "acc_val_uncertain": 0.0, "acc_test_confident": 0.7222222222222222, "acc_test_uncertain": 0.0}, "test_node_diagnostics": [{"node_id": 7, "mlp_pred": 2, "mlp_max_prob": 0.992497444152832, "mlp_margin": 0.9886941534932703, "was_uncertain": false, "final_pred": 2, "changed_from_mlp": false, "selected_threshold_high": 0.05, "selected_method_mode": "feature_first_selective_weighted_correction_v1", "winning_class_components": {"mlp_term": -0.007530841584981834, "feature_similarity_term": 0.3000010371208191, "feature_knn_term": 0.0, "graph_neighbor_term": 0.07582814023961647, "compatibility_term": 0.09798270828968568}}, {"node_id": 12, "mlp_pred": 4, "mlp_max_prob": 0.5795624852180481, "mlp_margin": 0.2762499153614044, "was_uncertain": false, "final_pred": 4, "changed_from_mlp": false, "selected_threshold_high": 0.05, "selected_method_mode": "feature_first_selective_weighted_correction_v1", "winning_class_components": {"mlp_term": -0.5454817959270556, "feature_similarity_term": 0.30000021457672116, "feature_knn_term": 0.0, "graph_neighbor_term": 0.0006749254914453501, "compatibility_term": 0.053657435738727555}}, {"node_id": 14, "mlp_pred": 3, "mlp_max_prob": 0.9921562671661377, "mlp_margin": 0.9873385177925229, "was_uncertain": false, "final_pred": 3, "changed_from_mlp": false, "selected_threshold_high": 0.05, "selected_method_mode": "feature_first_selective_weighted_correction_v1", "winning_class_components": {"mlp_term": -0.007874656718180502, "feature_similarity_term": 0.34686970710754395, "feature_knn_term": 0.0, "graph_neighbor_term": 0.0, "compatibility_term": 0.1575}}, {"node_id": 15, "mlp_pred": 3, "mlp_max_prob": 0.5294260382652283, "mlp_margin": 0.07693642377853394, "was_uncertain": false, "final_pred": 3, "changed_from_mlp": false, "selected_threshold_high": 0.05, "selected_method_mode": "feature_first_selective_weighted_correction_v1", "winning_class_components": {"mlp_term": -0.635961805915789, "feature_similarity_term": 0.30000067949295045, "feature_knn_term": 0.0, "graph_neighbor_term": 0.0, "compatibility_term": 0.1575}}, {"node_id": 23, "mlp_pred": 3, "mlp_max_prob": 0.9997499585151672, "mlp_margin": 0.999657923624909, "was_uncertain": false, "final_pred": 3, "changed_from_mlp": false, "selected_threshold_high": 0.05, "selected_method_mode": "feature_first_selective_weighted_correction_v1", "winning_class_components": {"mlp_term": -0.00025007275041673635, "feature_similarity_term": 0.355851137638092, "feature_knn_term": 0.0, "graph_neighbor_term": 0.24663179628826218, "compatibility_term": 0.11615166968967076}}, {"node_id": 24, "mlp_pred": 1, "mlp_max_prob": 0.3925643563270569, "mlp_margin": 0.05456399917602539, "was_uncertain": false, "final_pred": 1, "changed_from_mlp": false, "selected_threshold_high": 0.05, "selected_method_mode": "feature_first_selective_weighted_correction_v1", "winning_class_components": {"mlp_term": -0.9350547900360162, "feature_similarity_term": 0.3000005722045898, "feature_knn_term": 0.0, "graph_neighbor_term": 0.11652191596025933, "compatibility_term": 0.06244774371883601}}, {"node_id": 25, "mlp_pred": 4, "mlp_max_prob": 0.6845195293426514, "mlp_margin": 0.3955095112323761, "was_uncertain": false, "final_pred": 4, "changed_from_mlp": false, "selected_threshold_high": 0.05, "selected_method_mode": "feature_first_selective_weighted_correction_v1", "winning_class_components": {"mlp_term": -0.37903810384594516, "feature_similarity_term": 0.3, "feature_knn_term": 0.0, "graph_neighbor_term": 3.89787773949721e-05, "compatibility_term": 0.08570161403910476}}, {"node_id": 33, "mlp_pred": 0, "mlp_max_prob": 0.9942862391471863, "mlp_margin": 0.9914857484400272, "was_uncertain": false, "final_pred": 0, "changed_from_mlp": false, "selected_threshold_high": 0.05, "selected_method_mode": "feature_first_selective_weighted_correction_v1", "winning_class_components": {"mlp_term": -0.005730146831207119, "feature_similarity_term": 0.3000011444091797, "feature_knn_term": 0.0, "graph_neighbor_term": 0.4991608536005977, "compatibility_term": 0.024686485928924126}}, {"node_id": 40, "mlp_pred": 3, "mlp_max_prob": 0.8258427977561951, "mlp_margin": 0.7422843426465988, "was_uncertain": false, "final_pred": 3, "changed_from_mlp": false, "selected_threshold_high": 0.05, "selected_method_mode": "feature_first_selective_weighted_correction_v1", "winning_class_components": {"mlp_term": -0.1913508410602766, "feature_similarity_term": 0.3000008583068848, "feature_knn_term": 0.0, "graph_neighbor_term": 0.0, "compatibility_term": 0.1575}}, {"node_id": 46, "mlp_pred": 4, "mlp_max_prob": 0.8695359230041504, "mlp_margin": 0.8052316680550575, "was_uncertain": false, "final_pred": 4, "changed_from_mlp": false, "selected_threshold_high": 0.05, "selected_method_mode": "feature_first_selective_weighted_correction_v1", "winning_class_components": {"mlp_term": -0.13979563148785754, "feature_similarity_term": 0.2999999105930328, "feature_knn_term": 0.0, "graph_neighbor_term": 0.25, "compatibility_term": 0.0375}}, {"node_id": 47, "mlp_pred": 3, "mlp_max_prob": 0.9813157320022583, "mlp_margin": 0.9735486321151257, "was_uncertain": false, "final_pred": 3, "changed_from_mlp": false, "selected_threshold_high": 0.05, "selected_method_mode": "feature_first_selective_weighted_correction_v1", "winning_class_components": {"mlp_term": -0.018861024101337442, "feature_similarity_term": 0.30000096559524536, "feature_knn_term": 0.0, "graph_neighbor_term": 0.05399524617835586, "compatibility_term": 0.03186741921848351}}, {"node_id": 59, "mlp_pred": 3, "mlp_max_prob": 0.5355266332626343, "mlp_margin": 0.10752981901168823, "was_uncertain": false, "final_pred": 3, "changed_from_mlp": false, "selected_threshold_high": 0.05, "selected_method_mode": "feature_first_selective_weighted_correction_v1", "winning_class_components": {"mlp_term": -0.6245046550133825, "feature_similarity_term": 0.3000010371208191, "feature_knn_term": 0.0, "graph_neighbor_term": 0.0, "compatibility_term": 0.1575}}, {"node_id": 64, "mlp_pred": 0, "mlp_max_prob": 0.9849204421043396, "mlp_margin": 0.9719006577506661, "was_uncertain": false, "final_pred": 0, "changed_from_mlp": false, "selected_threshold_high": 0.05, "selected_method_mode": "feature_first_selective_weighted_correction_v1", "winning_class_components": {"mlp_term": -0.015194410509293495, "feature_similarity_term": 0.30000118017196653, "feature_knn_term": 0.0, "graph_neighbor_term": 0.0, "compatibility_term": 0.06986301369863013}}, {"node_id": 65, "mlp_pred": 0, "mlp_max_prob": 0.9675566554069519, "mlp_margin": 0.9492034483700991, "was_uncertain": false, "final_pred": 0, "changed_from_mlp": false, "selected_threshold_high": 0.05, "selected_method_mode": "feature_first_selective_weighted_correction_v1", "winning_class_components": {"mlp_term": -0.032981297232528725, "feature_similarity_term": 0.3000008583068848, "feature_knn_term": 0.0, "graph_neighbor_term": 0.0045498515965664375,