{"dataset": "cornell", "seed": 134001, "method": "selective_graph_correction", "selected_threshold_high": 0.05, "selected_weights": {"b1": 1.0, "b2": 0.4, "b3": 0.0, "b4": 0.9, "b5": 0.5}, "mode": "feature_first_selective_weighted_correction_v1", "feature_knn_used": false, "feature_knn_k": 5, "runtime_sec": {"mlp_training_runtime_sec": 0.0, "evidence_runtime_sec": 0.005170494026970118, "selection_runtime_sec": 0.0011837210040539503, "inference_runtime_sec": 6.35298783890903e-06, "selective_overhead_runtime_sec": 0.006360568018862978, "total_runtime_sec": 0.006360568018862978, "avg_runtime_overhead_over_mlp_sec": 0.006360568018862978}, "summary": {"val_acc_mlp": 0.6440677966101694, "val_acc_selective": 0.6610169491525424, "test_acc_mlp": 0.7567567567567568, "test_acc_selective": 0.7297297297297297, "val_fraction_uncertain": 0.05084745762711865, "test_fraction_uncertain": 0.02702702702702703, "val_fraction_changed_from_mlp": 0.03389830508474576, "test_fraction_changed_from_mlp": 0.02702702702702703, "acc_val_confident": 0.6785714285714286, "acc_val_uncertain": 0.3333333333333333, "acc_test_confident": 0.75, "acc_test_uncertain": 0.0}, "test_node_diagnostics": [{"node_id": 7, "mlp_pred": 2, "mlp_max_prob": 0.972355842590332, "mlp_margin": 0.9624839313328266, "was_uncertain": false, "final_pred": 2, "changed_from_mlp": false, "selected_threshold_high": 0.05, "selected_method_mode": "feature_first_selective_weighted_correction_v1", "winning_class_components": {"mlp_term": -0.02803344831753279, "feature_similarity_term": 0.2000006914138794, "feature_knn_term": 0.0, "graph_neighbor_term": 0.19637633605938037, "compatibility_term": 0.157961859473752}}, {"node_id": 12, "mlp_pred": 4, "mlp_max_prob": 0.4704629182815552, "mlp_margin": 0.03407105803489685, "was_uncertain": true, "final_pred": 2, "changed_from_mlp": true, "selected_threshold_high": 0.05, "selected_method_mode": "feature_first_selective_weighted_correction_v1", "winning_class_components": {"mlp_term": -0.8292146772442437, "feature_similarity_term": 0.20000050067901612, "feature_knn_term": 0.0, "graph_neighbor_term": 0.87512023591827, "compatibility_term": 0.031690132088458674}}, {"node_id": 14, "mlp_pred": 3, "mlp_max_prob": 0.9949665665626526, "mlp_margin": 0.9932714636670426, "was_uncertain": false, "final_pred": 3, "changed_from_mlp": false, "selected_threshold_high": 0.05, "selected_method_mode": "feature_first_selective_weighted_correction_v1", "winning_class_components": {"mlp_term": -0.00504614383265573, "feature_similarity_term": 0.2312464714050293, "feature_knn_term": 0.0, "graph_neighbor_term": 0.0, "compatibility_term": 0.2625}}, {"node_id": 15, "mlp_pred": 3, "mlp_max_prob": 0.8054714202880859, "mlp_margin": 0.6471974551677704, "was_uncertain": false, "final_pred": 3, "changed_from_mlp": false, "selected_threshold_high": 0.05, "selected_method_mode": "feature_first_selective_weighted_correction_v1", "winning_class_components": {"mlp_term": -0.2163275577045745, "feature_similarity_term": 0.2000004529953003, "feature_knn_term": 0.0, "graph_neighbor_term": 0.0, "compatibility_term": 0.2625}}, {"node_id": 23, "mlp_pred": 3, "mlp_max_prob": 0.9994955062866211, "mlp_margin": 0.9993194610869978, "was_uncertain": false, "final_pred": 3, "changed_from_mlp": false, "selected_threshold_high": 0.05, "selected_method_mode": "feature_first_selective_weighted_correction_v1", "winning_class_components": {"mlp_term": -0.0005046210131487485, "feature_similarity_term": 0.23723409175872803, "feature_knn_term": 0.0, "graph_neighbor_term": 0.44125943052479627, "compatibility_term": 0.19389379673330873}}, {"node_id": 24, "mlp_pred": 4, "mlp_max_prob": 0.4323157072067261, "mlp_margin": 0.12863674759864807, "was_uncertain": false, "final_pred": 4, "changed_from_mlp": false, "selected_threshold_high": 0.05, "selected_method_mode": "feature_first_selective_weighted_correction_v1", "winning_class_components": {"mlp_term": -0.8385991539257617, "feature_similarity_term": 0.20000035762786866, "feature_knn_term": 0.0, "graph_neighbor_term": 0.2925033385338297, "compatibility_term": 0.1046979202921802}}, {"node_id": 25, "mlp_pred": 0, "mlp_max_prob": 0.7053875923156738, "mlp_margin": 0.4609939903020859, "was_uncertain": false, "final_pred": 0, "changed_from_mlp": false, "selected_threshold_high": 0.05, "selected_method_mode": "feature_first_selective_weighted_correction_v1", "winning_class_components": {"mlp_term": -0.3490078509072203, "feature_similarity_term": 0.20000057220458986, "feature_knn_term": 0.0, "graph_neighbor_term": 0.0007722656371373502, "compatibility_term": 0.2867907888287006}}, {"node_id": 33, "mlp_pred": 0, "mlp_max_prob": 0.9757170081138611, "mlp_margin": 0.9567940775305033, "was_uncertain": false, "final_pred": 0, "changed_from_mlp": false, "selected_threshold_high": 0.05, "selected_method_mode": "feature_first_selective_weighted_correction_v1", "winning_class_components": {"mlp_term": -0.024582685315888128, "feature_similarity_term": 0.20000076293945312, "feature_knn_term": 0.0, "graph_neighbor_term": 0.8961937863441757, "compatibility_term": 0.04139125703787668}}, {"node_id": 40, "mlp_pred": 3, "mlp_max_prob": 0.8766149282455444, "mlp_margin": 0.8272383287549019, "was_uncertain": false, "final_pred": 3, "changed_from_mlp": false, "selected_threshold_high": 0.05, "selected_method_mode": "feature_first_selective_weighted_correction_v1", "winning_class_components": {"mlp_term": -0.13168746143042617, "feature_similarity_term": 0.20000057220458986, "feature_knn_term": 0.0, "graph_neighbor_term": 0.0, "compatibility_term": 0.2625}}, {"node_id": 46, "mlp_pred": 4, "mlp_max_prob": 0.603961706161499, "mlp_margin": 0.38126593828201294, "was_uncertain": false, "final_pred": 4, "changed_from_mlp": false, "selected_threshold_high": 0.05, "selected_method_mode": "feature_first_selective_weighted_correction_v1", "winning_class_components": {"mlp_term": -0.5042444834520813, "feature_similarity_term": 0.19999994039535524, "feature_knn_term": 0.0, "graph_neighbor_term": 0.45, "compatibility_term": 0.0625}}, {"node_id": 47, "mlp_pred": 3, "mlp_max_prob": 0.9769485592842102, "mlp_margin": 0.968625620007515, "was_uncertain": false, "final_pred": 3, "changed_from_mlp": false, "selected_threshold_high": 0.05, "selected_method_mode": "feature_first_selective_weighted_correction_v1", "winning_class_components": {"mlp_term": -0.023321280030508894, "feature_similarity_term": 0.20000064373016357, "feature_knn_term": 0.0, "graph_neighbor_term": 0.17285640861853832, "compatibility_term": 0.060991701180144006}}, {"node_id": 59, "mlp_pred": 3, "mlp_max_prob": 0.7466475963592529, "mlp_margin": 0.5477809906005859, "was_uncertain": false, "final_pred": 3, "changed_from_mlp": false, "selected_threshold_high": 0.05, "selected_method_mode": "feature_first_selective_weighted_correction_v1", "winning_class_components": {"mlp_term": -0.2921619637176139, "feature_similarity_term": 0.2000006914138794, "feature_knn_term": 0.0, "graph_neighbor_term": 0.0, "compatibility_term": 0.2625}}, {"node_id": 64, "mlp_pred": 0, "mlp_max_prob": 0.9745315909385681, "mlp_margin": 0.9519231095910072, "was_uncertain": false, "final_pred": 0, "changed_from_mlp": false, "selected_threshold_high": 0.05, "selected_method_mode": "feature_first_selective_weighted_correction_v1", "winning_class_components": {"mlp_term": -0.025798342972922595, "feature_similarity_term": 0.20000078678131106, "feature_knn_term": 0.0, "graph_neighbor_term": 0.0, "compatibility_term": 0.11643835616438356}}, {"node_id": 65, "mlp_pred": 0, "mlp_max_prob": 0.9652780294418335, "mlp_margin": 0.9473219960927963, "was_uncertain": false, "final_pred": 0, "changed_from_mlp": false, "selected_threshold_high": 0.05, "selected_method_mode": "feature_first_selective_weighted_correction_v1", "winning_class_components": {"mlp_term": -0.035339105728623255, "feature_similarity_term": 0.20000057220458986, "feature_knn_term": 0.0, "graph_neighbor_term": 0.022788330425015196,