{"dataset": "cornell", "seed": 134502, "method": "selective_graph_correction", "selected_threshold_high": 0.05, "selected_weights": {"b1": 1.0, "b2": 0.6, "b3": 0.0, "b4": 0.5, "b5": 0.3}, "mode": "feature_first_selective_weighted_correction_v1", "feature_knn_used": false, "feature_knn_k": 5, "runtime_sec": {"mlp_training_runtime_sec": 0.0, "evidence_runtime_sec": 0.0053145529818721116, "selection_runtime_sec": 0.0012081610038876534, "inference_runtime_sec": 6.778980605304241e-06, "selective_overhead_runtime_sec": 0.006529492966365069, "total_runtime_sec": 0.006529492966365069, "avg_runtime_overhead_over_mlp_sec": 0.006529492966365069}, "summary": {"val_acc_mlp": 0.7627118644067796, "val_acc_selective": 0.7457627118644068, "test_acc_mlp": 0.7297297297297297, "test_acc_selective": 0.7027027027027027, "val_fraction_uncertain": 0.05084745762711865, "test_fraction_uncertain": 0.05405405405405406, "val_fraction_changed_from_mlp": 0.01694915254237288, "test_fraction_changed_from_mlp": 0.02702702702702703, "acc_val_confident": 0.7678571428571429, "acc_val_uncertain": 0.3333333333333333, "acc_test_confident": 0.7142857142857143, "acc_test_uncertain": 0.5}, "test_node_diagnostics": [{"node_id": 2, "mlp_pred": 3, "mlp_max_prob": 0.8957847952842712, "mlp_margin": 0.8174639195203781, "was_uncertain": false, "final_pred": 3, "changed_from_mlp": false, "selected_threshold_high": 0.05, "selected_method_mode": "feature_first_selective_weighted_correction_v1", "winning_class_components": {"mlp_term": -0.1100550786904819, "feature_similarity_term": 0.32188661098480226, "feature_knn_term": 0.0, "graph_neighbor_term": 0.5, "compatibility_term": 0.021428571428571425}}, {"node_id": 8, "mlp_pred": 1, "mlp_max_prob": 0.4820147156715393, "mlp_margin": 0.25568440556526184, "was_uncertain": false, "final_pred": 1, "changed_from_mlp": false, "selected_threshold_high": 0.05, "selected_method_mode": "feature_first_selective_weighted_correction_v1", "winning_class_components": {"mlp_term": -0.7297806349587029, "feature_similarity_term": 0.299999874830246, "feature_knn_term": 0.0, "graph_neighbor_term": 0.05307448897137716, "compatibility_term": 0.06433768814525058}}, {"node_id": 11, "mlp_pred": 3, "mlp_max_prob": 0.7505719661712646, "mlp_margin": 0.5258133113384247, "was_uncertain": false, "final_pred": 3, "changed_from_mlp": false, "selected_threshold_high": 0.05, "selected_method_mode": "feature_first_selective_weighted_correction_v1", "winning_class_components": {"mlp_term": -0.28691974153815764, "feature_similarity_term": 0.30000064373016355, "feature_knn_term": 0.0, "graph_neighbor_term": 0.0, "compatibility_term": 0.21428571428571427}}, {"node_id": 16, "mlp_pred": 2, "mlp_max_prob": 0.6532852649688721, "mlp_margin": 0.33948323130607605, "was_uncertain": false, "final_pred": 2, "changed_from_mlp": false, "selected_threshold_high": 0.05, "selected_method_mode": "feature_first_selective_weighted_correction_v1", "winning_class_components": {"mlp_term": -0.425741392159622, "feature_similarity_term": 0.30000107288360595, "feature_knn_term": 0.0, "graph_neighbor_term": 0.0, "compatibility_term": 0.1607142857142857}}, {"node_id": 21, "mlp_pred": 2, "mlp_max_prob": 0.533427357673645, "mlp_margin": 0.3270769566297531, "was_uncertain": false, "final_pred": 2, "changed_from_mlp": false, "selected_threshold_high": 0.05, "selected_method_mode": "feature_first_selective_weighted_correction_v1", "winning_class_components": {"mlp_term": -0.6284323793225396, "feature_similarity_term": 0.30000092983245846, "feature_knn_term": 0.0, "graph_neighbor_term": 0.017082832875873553, "compatibility_term": 0.07058032283423347}}, {"node_id": 24, "mlp_pred": 4, "mlp_max_prob": 0.5461004376411438, "mlp_margin": 0.26129359006881714, "was_uncertain": false, "final_pred": 4, "changed_from_mlp": false, "selected_threshold_high": 0.05, "selected_method_mode": "feature_first_selective_weighted_correction_v1", "winning_class_components": {"mlp_term": -0.6049523684305692, "feature_similarity_term": 0.3000006079673767, "feature_knn_term": 0.0, "graph_neighbor_term": 0.11241544294339831, "compatibility_term": 0.0645339518298287}}, {"node_id": 26, "mlp_pred": 3, "mlp_max_prob": 0.9998692274093628, "mlp_margin": 0.9997734712960664, "was_uncertain": false, "final_pred": 3, "changed_from_mlp": false, "selected_threshold_high": 0.05, "selected_method_mode": "feature_first_selective_weighted_correction_v1", "winning_class_components": {"mlp_term": -0.000130781142117979, "feature_similarity_term": 0.3000008583068848, "feature_knn_term": 0.0, "graph_neighbor_term": 0.015790475120643802, "compatibility_term": 0.13289099723544562}}, {"node_id": 27, "mlp_pred": 2, "mlp_max_prob": 0.9707923531532288, "mlp_margin": 0.9578684689477086, "was_uncertain": false, "final_pred": 2, "changed_from_mlp": false, "selected_threshold_high": 0.05, "selected_method_mode": "feature_first_selective_weighted_correction_v1", "winning_class_components": {"mlp_term": -0.029642682011528327, "feature_similarity_term": 0.3000008940696716, "feature_knn_term": 0.0, "graph_neighbor_term": 0.007129656301197899, "compatibility_term": 0.07016789680394069}}, {"node_id": 29, "mlp_pred": 1, "mlp_max_prob": 0.46430131793022156, "mlp_margin": 0.2759535014629364, "was_uncertain": false, "final_pred": 1, "changed_from_mlp": false, "selected_threshold_high": 0.05, "selected_method_mode": "feature_first_selective_weighted_correction_v1", "winning_class_components": {"mlp_term": -0.7672215454286904, "feature_similarity_term": 0.2999998569488525, "feature_knn_term": 0.0, "graph_neighbor_term": 0.15043574603132945, "compatibility_term": 0.06743499550663748}}, {"node_id": 37, "mlp_pred": 2, "mlp_max_prob": 0.8554660081863403, "mlp_margin": 0.7373543232679367, "was_uncertain": false, "final_pred": 2, "changed_from_mlp": false, "selected_threshold_high": 0.05, "selected_method_mode": "feature_first_selective_weighted_correction_v1", "winning_class_components": {"mlp_term": -0.1561089197106493, "feature_similarity_term": 0.30000107288360595, "feature_knn_term": 0.0, "graph_neighbor_term": 0.0, "compatibility_term": 0.1607142857142857}}, {"node_id": 54, "mlp_pred": 2, "mlp_max_prob": 0.6273647546768188, "mlp_margin": 0.4158553183078766, "was_uncertain": false, "final_pred": 2, "changed_from_mlp": false, "selected_threshold_high": 0.05, "selected_method_mode": "feature_first_selective_weighted_correction_v1", "winning_class_components": {"mlp_term": -0.4662271616017195, "feature_similarity_term": 0.30000092983245846, "feature_knn_term": 0.0, "graph_neighbor_term": 0.0, "compatibility_term": 0.04285714285714285}}, {"node_id": 59, "mlp_pred": 3, "mlp_max_prob": 0.9222431778907776, "mlp_margin": 0.8783600255846977, "was_uncertain": false, "final_pred": 3, "changed_from_mlp": false, "selected_threshold_high": 0.05, "selected_method_mode": "feature_first_selective_weighted_correction_v1", "winning_class_components": {"mlp_term": -0.08094633977773474, "feature_similarity_term": 0.3000008940696716, "feature_knn_term": 0.0, "graph_neighbor_term": 0.0, "compatibility_term": 0.21428571428571427}}, {"node_id": 62, "mlp_pred": 0, "mlp_max_prob": 0.699254035949707, "mlp_margin": 0.4714522063732147, "was_uncertain": false, "final_pred": 0, "changed_from_mlp": false, "selected_threshold_high": 0.05, "selected_method_mode": "feature_first_selective_weighted_correction_v1", "winning_class_components": {"mlp_term": -0.3577411750901864, "feature_similarity_term": 0.32503620386123655, "feature_knn_term": 0.0, "graph_neighbor_term": 0.0, "compatibility_term": 0.16}}, {"node_id": 68, "mlp_pred": 3, "mlp_max_prob": 0.5333518981933594, "mlp_margin": 0.2972179651260376, "was_uncertain": false, "final_pred": 3, "changed_from_mlp": false, "selected_threshold_high": 0.05, "selected_method_mode": "feature_first_selective_weighted_correction_v1", "winning_class_components": {"mlp_term": -0.6285738509156484, "feature_similarity_term": 0.2999995529651642, "feature_knn_term": 0.0,