{"dataset": "cornell", "seed": 133702, "method": "selective_graph_correction", "selected_threshold_high": 0.05, "selected_weights": {"b1": 1.0, "b2": 0.6, "b3": 0.0, "b4": 0.5, "b5": 0.3}, "mode": "feature_first_selective_weighted_correction_v1", "feature_knn_used": false, "feature_knn_k": 5, "runtime_sec": {"mlp_training_runtime_sec": 0.0, "evidence_runtime_sec": 0.005144605005625635, "selection_runtime_sec": 0.0011657860013656318, "inference_runtime_sec": 6.467016646638513e-06, "selective_overhead_runtime_sec": 0.006316858023637906, "total_runtime_sec": 0.006316858023637906, "avg_runtime_overhead_over_mlp_sec": 0.006316858023637906}, "summary": {"val_acc_mlp": 0.711864406779661, "val_acc_selective": 0.7457627118644068, "test_acc_mlp": 0.7567567567567568, "test_acc_selective": 0.7837837837837838, "val_fraction_uncertain": 0.06779661016949153, "test_fraction_uncertain": 0.05405405405405406, "val_fraction_changed_from_mlp": 0.05084745762711865, "test_fraction_changed_from_mlp": 0.05405405405405406, "acc_val_confident": 0.7636363636363637, "acc_val_uncertain": 0.5, "acc_test_confident": 0.8, "acc_test_uncertain": 0.5}, "test_node_diagnostics": [{"node_id": 0, "mlp_pred": 3, "mlp_max_prob": 0.7528067231178284, "mlp_margin": 0.5579171925783157, "was_uncertain": false, "final_pred": 3, "changed_from_mlp": false, "selected_threshold_high": 0.05, "selected_method_mode": "feature_first_selective_weighted_correction_v1", "winning_class_components": {"mlp_term": -0.283946759935453, "feature_similarity_term": 0.36014206409454347, "feature_knn_term": 0.0, "graph_neighbor_term": 4.31372003631785e-05, "compatibility_term": 0.06156503598198497}}, {"node_id": 3, "mlp_pred": 3, "mlp_max_prob": 0.8546223640441895, "mlp_margin": 0.7290496081113815, "was_uncertain": false, "final_pred": 3, "changed_from_mlp": false, "selected_threshold_high": 0.05, "selected_method_mode": "feature_first_selective_weighted_correction_v1", "winning_class_components": {"mlp_term": -0.15709558709496932, "feature_similarity_term": 0.30000035762786864, "feature_knn_term": 0.0, "graph_neighbor_term": 0.019910634869285147, "compatibility_term": 0.08563184400213676}}, {"node_id": 13, "mlp_pred": 3, "mlp_max_prob": 0.9708636999130249, "mlp_margin": 0.9486743248999119, "was_uncertain": false, "final_pred": 3, "changed_from_mlp": false, "selected_threshold_high": 0.05, "selected_method_mode": "feature_first_selective_weighted_correction_v1", "winning_class_components": {"mlp_term": -0.029569191385095717, "feature_similarity_term": 0.30000207424163816, "feature_knn_term": 0.0, "graph_neighbor_term": 0.06652143125678635, "compatibility_term": 0.0890082589490408}}, {"node_id": 16, "mlp_pred": 2, "mlp_max_prob": 0.6501585841178894, "mlp_margin": 0.5029963403940201, "was_uncertain": false, "final_pred": 2, "changed_from_mlp": false, "selected_threshold_high": 0.05, "selected_method_mode": "feature_first_selective_weighted_correction_v1", "winning_class_components": {"mlp_term": -0.43053897028366905, "feature_similarity_term": 0.30000067949295045, "feature_knn_term": 0.0, "graph_neighbor_term": 0.06624351890786653, "compatibility_term": 0.06640678512887292}}, {"node_id": 29, "mlp_pred": 2, "mlp_max_prob": 0.48867067694664, "mlp_margin": 0.23581576347351074, "was_uncertain": false, "final_pred": 2, "changed_from_mlp": false, "selected_threshold_high": 0.05, "selected_method_mode": "feature_first_selective_weighted_correction_v1", "winning_class_components": {"mlp_term": -0.716066478661662, "feature_similarity_term": 0.3000008940696716, "feature_knn_term": 0.0, "graph_neighbor_term": 0.03312176019426226, "compatibility_term": 0.06653672589486538}}, {"node_id": 38, "mlp_pred": 3, "mlp_max_prob": 0.6127761006355286, "mlp_margin": 0.4481903314590454, "was_uncertain": false, "final_pred": 3, "changed_from_mlp": false, "selected_threshold_high": 0.05, "selected_method_mode": "feature_first_selective_weighted_correction_v1", "winning_class_components": {"mlp_term": -0.4897556615846791, "feature_similarity_term": 0.3000011086463928, "feature_knn_term": 0.0, "graph_neighbor_term": 0.03393845305974369, "compatibility_term": 0.05957401704184296}}, {"node_id": 41, "mlp_pred": 4, "mlp_max_prob": 0.39218947291374207, "mlp_margin": 0.07464507222175598, "was_uncertain": false, "final_pred": 4, "changed_from_mlp": false, "selected_threshold_high": 0.05, "selected_method_mode": "feature_first_selective_weighted_correction_v1", "winning_class_components": {"mlp_term": -0.9360102066975552, "feature_similarity_term": 0.2972953855991363, "feature_knn_term": 0.0, "graph_neighbor_term": 0.16504846312200921, "compatibility_term": 0.03865034224222188}}, {"node_id": 45, "mlp_pred": 3, "mlp_max_prob": 0.9799001812934875, "mlp_margin": 0.96686084382236, "was_uncertain": false, "final_pred": 3, "changed_from_mlp": false, "selected_threshold_high": 0.05, "selected_method_mode": "feature_first_selective_weighted_correction_v1", "winning_class_components": {"mlp_term": -0.020304568328147938, "feature_similarity_term": 0.3000011086463928, "feature_knn_term": 0.0, "graph_neighbor_term": 0.07333317071200145, "compatibility_term": 0.07082362890000352}}, {"node_id": 51, "mlp_pred": 0, "mlp_max_prob": 0.9980823993682861, "mlp_margin": 0.9968013550387695, "was_uncertain": false, "final_pred": 0, "changed_from_mlp": false, "selected_threshold_high": 0.05, "selected_method_mode": "feature_first_selective_weighted_correction_v1", "winning_class_components": {"mlp_term": -0.001919441581652889, "feature_similarity_term": 0.30000121593475343, "feature_knn_term": 0.0, "graph_neighbor_term": 0.5, "compatibility_term": 0.02222222222222222}}, {"node_id": 55, "mlp_pred": 3, "mlp_max_prob": 0.724819004535675, "mlp_margin": 0.53179931640625, "was_uncertain": false, "final_pred": 3, "changed_from_mlp": false, "selected_threshold_high": 0.05, "selected_method_mode": "feature_first_selective_weighted_correction_v1", "winning_class_components": {"mlp_term": -0.32183330421125067, "feature_similarity_term": 0.3000004649162292, "feature_knn_term": 0.0, "graph_neighbor_term": 0.07333317071200145, "compatibility_term": 0.07082362890000352}}, {"node_id": 56, "mlp_pred": 3, "mlp_max_prob": 0.9636994004249573, "mlp_margin": 0.9518535053357482, "was_uncertain": false, "final_pred": 3, "changed_from_mlp": false, "selected_threshold_high": 0.05, "selected_method_mode": "feature_first_selective_weighted_correction_v1", "winning_class_components": {"mlp_term": -0.03697585828451889, "feature_similarity_term": 0.3000008583068848, "feature_knn_term": 0.0, "graph_neighbor_term": 0.0, "compatibility_term": 0.10769230769230768}}, {"node_id": 57, "mlp_pred": 4, "mlp_max_prob": 0.3361603915691376, "mlp_margin": 0.008627504110336304, "was_uncertain": true, "final_pred": 0, "changed_from_mlp": true, "selected_threshold_high": 0.05, "selected_method_mode": "feature_first_selective_weighted_correction_v1", "winning_class_components": {"mlp_term": -1.1161668092270225, "feature_similarity_term": 0.3000001788139343, "feature_knn_term": 0.0, "graph_neighbor_term": 0.05119946604102418, "compatibility_term": 0.10475491096170783}}, {"node_id": 58, "mlp_pred": 4, "mlp_max_prob": 0.6480066180229187, "mlp_margin": 0.3894742727279663, "was_uncertain": false, "final_pred": 4, "changed_from_mlp": false, "selected_threshold_high": 0.05, "selected_method_mode": "feature_first_selective_weighted_correction_v1", "winning_class_components": {"mlp_term": -0.43385436968368335, "feature_similarity_term": 0.30000021457672116, "feature_knn_term": 0.0, "graph_neighbor_term": 0.16808018827079885, "compatibility_term": 0.049740928136504395}}, {"node_id": 60, "mlp_pred": 2, "mlp_max_prob": 0.6804076433181763, "mlp_margin": 0.49587559700012207, "was_uncertain": false, "final_pred": 2, "changed_from_mlp": false, "selected_threshold_high": 0.05, "selected_method_mode": "feature_first_selective_weighted_correction_v1", "winning_class_components": {"mlp_term": -0.38506318495771763,