{"dataset": "texas", "seed": 134400, "method": "selective_graph_correction", "selected_threshold_high": 0.05, "selected_weights": {"b1": 1.0, "b2": 0.6, "b3": 0.0, "b4": 0.5, "b5": 0.3}, "mode": "feature_first_selective_weighted_correction_v1", "feature_knn_used": false, "feature_knn_k": 5, "runtime_sec": {"mlp_training_runtime_sec": 0.0, "evidence_runtime_sec": 0.008719814009964466, "selection_runtime_sec": 0.0021060840226709843, "inference_runtime_sec": 1.0329997166991234e-05, "selective_overhead_runtime_sec": 0.010836228029802442, "total_runtime_sec": 0.010836228029802442, "avg_runtime_overhead_over_mlp_sec": 0.010836228029802442}, "summary": {"val_acc_mlp": 0.7966101694915254, "val_acc_selective": 0.7796610169491526, "test_acc_mlp": 0.7837837837837838, "test_acc_selective": 0.8108108108108109, "val_fraction_uncertain": 0.01694915254237288, "test_fraction_uncertain": 0.02702702702702703, "val_fraction_changed_from_mlp": 0.01694915254237288, "test_fraction_changed_from_mlp": 0.02702702702702703, "acc_val_confident": 0.7931034482758621, "acc_val_uncertain": 0.0, "acc_test_confident": 0.8055555555555556, "acc_test_uncertain": 1.0}, "test_node_diagnostics": [{"node_id": 0, "mlp_pred": 0, "mlp_max_prob": 0.801222026348114, "mlp_margin": 0.7014546692371368, "was_uncertain": false, "final_pred": 0, "changed_from_mlp": false, "selected_threshold_high": 0.05, "selected_method_mode": "feature_first_selective_weighted_correction_v1", "winning_class_components": {"mlp_term": -0.22161718387076754, "feature_similarity_term": 0.29999996423721315, "feature_knn_term": 0.0, "graph_neighbor_term": 0.4669063143537701, "compatibility_term": 0.020920160161497642}}, {"node_id": 14, "mlp_pred": 3, "mlp_max_prob": 0.8232886791229248, "mlp_margin": 0.750967301428318, "was_uncertain": false, "final_pred": 3, "changed_from_mlp": false, "selected_threshold_high": 0.05, "selected_method_mode": "feature_first_selective_weighted_correction_v1", "winning_class_components": {"mlp_term": -0.19444837538212983, "feature_similarity_term": 0.30000025033950806, "feature_knn_term": 0.0, "graph_neighbor_term": 0.0, "compatibility_term": 0.1618421052631579}}, {"node_id": 20, "mlp_pred": 0, "mlp_max_prob": 0.9987433552742004, "mlp_margin": 0.9983417459297925, "was_uncertain": false, "final_pred": 0, "changed_from_mlp": false, "selected_threshold_high": 0.05, "selected_method_mode": "feature_first_selective_weighted_correction_v1", "winning_class_components": {"mlp_term": -0.0012574349658864004, "feature_similarity_term": 0.30000135898590086, "feature_knn_term": 0.0, "graph_neighbor_term": 0.002776293530294484, "compatibility_term": 0.14755234159315492}}, {"node_id": 25, "mlp_pred": 2, "mlp_max_prob": 0.4852994680404663, "mlp_margin": 0.18959292769432068, "was_uncertain": false, "final_pred": 2, "changed_from_mlp": false, "selected_threshold_high": 0.05, "selected_method_mode": "feature_first_selective_weighted_correction_v1", "winning_class_components": {"mlp_term": -0.7229891187173199, "feature_similarity_term": 0.31084316968917847, "feature_knn_term": 0.0, "graph_neighbor_term": 0.5, "compatibility_term": 0.03913043478260869}}, {"node_id": 29, "mlp_pred": 2, "mlp_max_prob": 0.5393776893615723, "mlp_margin": 0.2136864960193634, "was_uncertain": false, "final_pred": 2, "changed_from_mlp": false, "selected_threshold_high": 0.05, "selected_method_mode": "feature_first_selective_weighted_correction_v1", "winning_class_components": {"mlp_term": -0.6173392310867527, "feature_similarity_term": 0.3000002861022949, "feature_knn_term": 0.0, "graph_neighbor_term": 0.00048686679704685454, "compatibility_term": 0.09093649249396511}}, {"node_id": 30, "mlp_pred": 3, "mlp_max_prob": 0.8115958571434021, "mlp_margin": 0.6877239421010017, "was_uncertain": false, "final_pred": 3, "changed_from_mlp": false, "selected_threshold_high": 0.05, "selected_method_mode": "feature_first_selective_weighted_correction_v1", "winning_class_components": {"mlp_term": -0.20875277559820982, "feature_similarity_term": 0.3000003218650818, "feature_knn_term": 0.0, "graph_neighbor_term": 0.16952089684829622, "compatibility_term": 0.1053505808961703}}, {"node_id": 34, "mlp_pred": 4, "mlp_max_prob": 0.5968002080917358, "mlp_margin": 0.43313737213611603, "was_uncertain": false, "final_pred": 4, "changed_from_mlp": false, "selected_threshold_high": 0.05, "selected_method_mode": "feature_first_selective_weighted_correction_v1", "winning_class_components": {"mlp_term": -0.5161728814134647, "feature_similarity_term": 0.30000025033950806, "feature_knn_term": 0.0, "graph_neighbor_term": 0.04071614344831632, "compatibility_term": 0.08375595059629493}}, {"node_id": 36, "mlp_pred": 2, "mlp_max_prob": 0.8634974360466003, "mlp_margin": 0.7855092212557793, "was_uncertain": false, "final_pred": 2, "changed_from_mlp": false, "selected_threshold_high": 0.05, "selected_method_mode": "feature_first_selective_weighted_correction_v1", "winning_class_components": {"mlp_term": -0.14676435065678903, "feature_similarity_term": 0.3000003218650818, "feature_knn_term": 0.0, "graph_neighbor_term": 0.0005006340225821802, "compatibility_term": 0.09172942397754703}}, {"node_id": 37, "mlp_pred": 3, "mlp_max_prob": 0.9209674596786499, "mlp_margin": 0.8879066780209541, "was_uncertain": false, "final_pred": 3, "changed_from_mlp": false, "selected_threshold_high": 0.05, "selected_method_mode": "feature_first_selective_weighted_correction_v1", "winning_class_components": {"mlp_term": -0.08233057486169773, "feature_similarity_term": 0.3000002861022949, "feature_knn_term": 0.0, "graph_neighbor_term": 0.001715189367767052, "compatibility_term": 0.10702543513976855}}, {"node_id": 50, "mlp_pred": 0, "mlp_max_prob": 0.9984604120254517, "mlp_margin": 0.9978963725734502, "was_uncertain": false, "final_pred": 0, "changed_from_mlp": false, "selected_threshold_high": 0.05, "selected_method_mode": "feature_first_selective_weighted_correction_v1", "winning_class_components": {"mlp_term": -0.0015407743579648116, "feature_similarity_term": 0.3000008225440979, "feature_knn_term": 0.0, "graph_neighbor_term": 0.030969960319794692, "compatibility_term": 0.13730809652820747}}, {"node_id": 52, "mlp_pred": 0, "mlp_max_prob": 0.8151986598968506, "mlp_margin": 0.7445937022566795, "was_uncertain": false, "final_pred": 0, "changed_from_mlp": false, "selected_threshold_high": 0.05, "selected_method_mode": "feature_first_selective_weighted_correction_v1", "winning_class_components": {"mlp_term": -0.20432344096990623, "feature_similarity_term": 0.3000003218650818, "feature_knn_term": 0.0, "graph_neighbor_term": 0.5, "compatibility_term": 0.017391304347826087}}, {"node_id": 53, "mlp_pred": 3, "mlp_max_prob": 0.6171116232872009, "mlp_margin": 0.36739812791347504, "was_uncertain": false, "final_pred": 3, "changed_from_mlp": false, "selected_threshold_high": 0.05, "selected_method_mode": "feature_first_selective_weighted_correction_v1", "winning_class_components": {"mlp_term": -0.48270535849430235, "feature_similarity_term": 0.30000007152557373, "feature_knn_term": 0.0, "graph_neighbor_term": 0.25, "compatibility_term": 0.0888157894736842}}, {"node_id": 58, "mlp_pred": 0, "mlp_max_prob": 0.8676252961158752, "mlp_margin": 0.7779861688613892, "was_uncertain": false, "final_pred": 0, "changed_from_mlp": false, "selected_threshold_high": 0.05, "selected_method_mode": "feature_first_selective_weighted_correction_v1", "winning_class_components": {"mlp_term": -0.14199534402767702, "feature_similarity_term": 0.3000005006790161, "feature_knn_term": 0.0, "graph_neighbor_term": 0.12072798962473781, "compatibility_term": 0.12775240741664806}}, {"node_id": 61, "mlp_pred": 4, "mlp_max_prob": 0.6532109379768372, "mlp_margin": 0.4480772763490677, "was_uncertain": false, "final_pred": 4, "changed_from_mlp": false, "selected_threshold_high": 0.05, "selected_method_mode": "feature_first_selective_weighted_correction_v1", "winning_class_components": {"mlp_term": -0.4258551728073537,