{"dataset": "texas", "seed": 134100, "method": "selective_graph_correction", "selected_threshold_high": 0.05, "selected_weights": {"b1": 1.0, "b2": 0.6, "b3": 0.0, "b4": 0.5, "b5": 0.3}, "mode": "feature_first_selective_weighted_correction_v1", "feature_knn_used": false, "feature_knn_k": 5, "runtime_sec": {"mlp_training_runtime_sec": 0.0, "evidence_runtime_sec": 0.00764321100723464, "selection_runtime_sec": 0.0011911729961866513, "inference_runtime_sec": 6.590009434148669e-06, "selective_overhead_runtime_sec": 0.00884097401285544, "total_runtime_sec": 0.00884097401285544, "avg_runtime_overhead_over_mlp_sec": 0.00884097401285544}, "summary": {"val_acc_mlp": 0.7796610169491526, "val_acc_selective": 0.7796610169491526, "test_acc_mlp": 0.7837837837837838, "test_acc_selective": 0.7837837837837838, "val_fraction_uncertain": 0.05084745762711865, "test_fraction_uncertain": 0.0, "val_fraction_changed_from_mlp": 0.01694915254237288, "test_fraction_changed_from_mlp": 0.0, "acc_val_confident": 0.8035714285714286, "acc_val_uncertain": 0.3333333333333333, "acc_test_confident": 0.7837837837837838, "acc_test_uncertain": null}, "test_node_diagnostics": [{"node_id": 11, "mlp_pred": 3, "mlp_max_prob": 0.9751178026199341, "mlp_margin": 0.9651448745280504, "was_uncertain": false, "final_pred": 3, "changed_from_mlp": false, "selected_threshold_high": 0.05, "selected_method_mode": "feature_first_selective_weighted_correction_v1", "winning_class_components": {"mlp_term": -0.025196992082892423, "feature_similarity_term": 0.3182449221611023, "feature_knn_term": 0.0, "graph_neighbor_term": 0.03371266492372491, "compatibility_term": 0.06026716572999668}}, {"node_id": 13, "mlp_pred": 3, "mlp_max_prob": 0.9882205724716187, "mlp_margin": 0.9829249116592109, "was_uncertain": false, "final_pred": 3, "changed_from_mlp": false, "selected_threshold_high": 0.05, "selected_method_mode": "feature_first_selective_weighted_correction_v1", "winning_class_components": {"mlp_term": -0.011849354661682033, "feature_similarity_term": 0.30000035762786864, "feature_knn_term": 0.0, "graph_neighbor_term": 0.2683364772382612, "compatibility_term": 0.07120865436190675}}, {"node_id": 18, "mlp_pred": 0, "mlp_max_prob": 0.7151119112968445, "mlp_margin": 0.44038906693458557, "was_uncertain": false, "final_pred": 0, "changed_from_mlp": false, "selected_threshold_high": 0.05, "selected_method_mode": "feature_first_selective_weighted_correction_v1", "winning_class_components": {"mlp_term": -0.33531622923971044, "feature_similarity_term": 0.3000005006790161, "feature_knn_term": 0.0, "graph_neighbor_term": 0.0006820013641218211, "compatibility_term": 0.1039865448330242}}, {"node_id": 38, "mlp_pred": 3, "mlp_max_prob": 0.9796920418739319, "mlp_margin": 0.9711958291009068, "was_uncertain": false, "final_pred": 3, "changed_from_mlp": false, "selected_threshold_high": 0.05, "selected_method_mode": "feature_first_selective_weighted_correction_v1", "winning_class_components": {"mlp_term": -0.020516999687976427, "feature_similarity_term": 0.33884975910186765, "feature_knn_term": 0.0, "graph_neighbor_term": 0.018542044831770018, "compatibility_term": 0.05120076853835616}}, {"node_id": 42, "mlp_pred": 0, "mlp_max_prob": 0.8860726356506348, "mlp_margin": 0.8057422265410423, "was_uncertain": false, "final_pred": 0, "changed_from_mlp": false, "selected_threshold_high": 0.05, "selected_method_mode": "feature_first_selective_weighted_correction_v1", "winning_class_components": {"mlp_term": -0.12095635019036764, "feature_similarity_term": 0.3000003218650818, "feature_knn_term": 0.0, "graph_neighbor_term": 0.0015551916833804066, "compatibility_term": 0.10321976207853865}}, {"node_id": 51, "mlp_pred": 0, "mlp_max_prob": 0.6498090028762817, "mlp_margin": 0.38652998208999634, "was_uncertain": false, "final_pred": 0, "changed_from_mlp": false, "selected_threshold_high": 0.05, "selected_method_mode": "feature_first_selective_weighted_correction_v1", "winning_class_components": {"mlp_term": -0.4310768010011913, "feature_similarity_term": 0.3252075433731079, "feature_knn_term": 0.0, "graph_neighbor_term": 0.0, "compatibility_term": 0.07826086956521738}}, {"node_id": 54, "mlp_pred": 3, "mlp_max_prob": 0.8164691925048828, "mlp_margin": 0.7361466735601425, "was_uncertain": false, "final_pred": 3, "changed_from_mlp": false, "selected_threshold_high": 0.05, "selected_method_mode": "feature_first_selective_weighted_correction_v1", "winning_class_components": {"mlp_term": -0.20276609844710178, "feature_similarity_term": 0.30000021457672116, "feature_knn_term": 0.0, "graph_neighbor_term": 0.009271022174124254, "compatibility_term": 0.05060038425352185}}, {"node_id": 55, "mlp_pred": 4, "mlp_max_prob": 0.6373145580291748, "mlp_margin": 0.46678872406482697, "was_uncertain": false, "final_pred": 4, "changed_from_mlp": false, "selected_threshold_high": 0.05, "selected_method_mode": "feature_first_selective_weighted_correction_v1", "winning_class_components": {"mlp_term": -0.45049193363207424, "feature_similarity_term": 0.30000025033950806, "feature_knn_term": 0.0, "graph_neighbor_term": 0.0055784806424068875, "compatibility_term": 0.0552897675193114}}, {"node_id": 56, "mlp_pred": 2, "mlp_max_prob": 0.8721596002578735, "mlp_margin": 0.8190342448651791, "was_uncertain": false, "final_pred": 2, "changed_from_mlp": false, "selected_threshold_high": 0.05, "selected_method_mode": "feature_first_selective_weighted_correction_v1", "winning_class_components": {"mlp_term": -0.13678284400204282, "feature_similarity_term": 0.3349373459815979, "feature_knn_term": 0.0, "graph_neighbor_term": 0.058025382202025834, "compatibility_term": 0.08750637527564943}}, {"node_id": 58, "mlp_pred": 0, "mlp_max_prob": 0.5255974531173706, "mlp_margin": 0.32089588046073914, "was_uncertain": false, "final_pred": 0, "changed_from_mlp": false, "selected_threshold_high": 0.05, "selected_method_mode": "feature_first_selective_weighted_correction_v1", "winning_class_components": {"mlp_term": -0.6432196574905797, "feature_similarity_term": 0.3000003933906555, "feature_knn_term": 0.0, "graph_neighbor_term": 0.059666174038635035, "compatibility_term": 0.07838620682371376}}, {"node_id": 62, "mlp_pred": 3, "mlp_max_prob": 0.9668042063713074, "mlp_margin": 0.9545219093561172, "was_uncertain": false, "final_pred": 3, "changed_from_mlp": false, "selected_threshold_high": 0.05, "selected_method_mode": "feature_first_selective_weighted_correction_v1", "winning_class_components": {"mlp_term": -0.03375927934379295, "feature_similarity_term": 0.30000021457672116, "feature_knn_term": 0.0, "graph_neighbor_term": 0.015151783422982018, "compatibility_term": 0.05137676711833639}}, {"node_id": 66, "mlp_pred": 2, "mlp_max_prob": 0.44573792815208435, "mlp_margin": 0.16379627585411072, "was_uncertain": false, "final_pred": 2, "changed_from_mlp": false, "selected_threshold_high": 0.05, "selected_method_mode": "feature_first_selective_weighted_correction_v1", "winning_class_components": {"mlp_term": -0.8080241047097434, "feature_similarity_term": 0.30000064373016355, "feature_knn_term": 0.0, "graph_neighbor_term": 0.010464111851213091, "compatibility_term": 0.07126149573335275}}, {"node_id": 70, "mlp_pred": 2, "mlp_max_prob": 0.5693962574005127, "mlp_margin": 0.4095519781112671, "was_uncertain": false, "final_pred": 2, "changed_from_mlp": false, "selected_threshold_high": 0.05, "selected_method_mode": "feature_first_selective_weighted_correction_v1", "winning_class_components": {"mlp_term": -0.5631786770426382, "feature_similarity_term": 0.32079691886901857, "feature_knn_term": 0.0, "graph_neighbor_term": 0.34602752987855845, "compatibility_term": 0.04513952254094317}}, {"node_id": 86, "mlp_pred": 3, "mlp_max_prob": 0.611321747303009, "mlp_margin": 0.4667558968067169, "was_uncertain": false, "final_pred": 3, "changed_from_mlp": false, "selected_threshold_high": 0.05, "selected_method_mode": "feature_first_selective_weighted_correction_v1", "winning_class_components": {"mlp_term": -0.492131867080481,