{"dataset": "texas", "seed": 134000, "method": "selective_graph_correction", "selected_threshold_high": 0.05, "selected_weights": {"b1": 1.0, "b2": 0.6, "b3": 0.0, "b4": 0.5, "b5": 0.3}, "mode": "feature_first_selective_weighted_correction_v1", "feature_knn_used": false, "feature_knn_k": 5, "runtime_sec": {"mlp_training_runtime_sec": 0.0, "evidence_runtime_sec": 0.007522377010900527, "selection_runtime_sec": 0.001181026003905572, "inference_runtime_sec": 6.283007678575814e-06, "selective_overhead_runtime_sec": 0.008709686022484675, "total_runtime_sec": 0.008709686022484675, "avg_runtime_overhead_over_mlp_sec": 0.008709686022484675}, "summary": {"val_acc_mlp": 0.8135593220338984, "val_acc_selective": 0.8305084745762712, "test_acc_mlp": 0.8378378378378378, "test_acc_selective": 0.8648648648648649, "val_fraction_uncertain": 0.01694915254237288, "test_fraction_uncertain": 0.05405405405405406, "val_fraction_changed_from_mlp": 0.01694915254237288, "test_fraction_changed_from_mlp": 0.02702702702702703, "acc_val_confident": 0.8275862068965517, "acc_val_uncertain": 1.0, "acc_test_confident": 0.8571428571428571, "acc_test_uncertain": 1.0}, "test_node_diagnostics": [{"node_id": 0, "mlp_pred": 4, "mlp_max_prob": 0.46390917897224426, "mlp_margin": 0.20109379291534424, "was_uncertain": false, "final_pred": 4, "changed_from_mlp": false, "selected_threshold_high": 0.05, "selected_method_mode": "feature_first_selective_weighted_correction_v1", "winning_class_components": {"mlp_term": -0.7680664808880833, "feature_similarity_term": 0.30000014305114747, "feature_knn_term": 0.0, "graph_neighbor_term": 0.020798230835065174, "compatibility_term": 0.0877676276299943}}, {"node_id": 2, "mlp_pred": 2, "mlp_max_prob": 0.9657652378082275, "mlp_margin": 0.9540524668991566, "was_uncertain": false, "final_pred": 2, "changed_from_mlp": false, "selected_threshold_high": 0.05, "selected_method_mode": "feature_first_selective_weighted_correction_v1", "winning_class_components": {"mlp_term": -0.03483449934823291, "feature_similarity_term": 0.3169052481651306, "feature_knn_term": 0.0, "graph_neighbor_term": 4.528278423987313e-05, "compatibility_term": 0.07135829204277487}}, {"node_id": 3, "mlp_pred": 3, "mlp_max_prob": 0.9974442720413208, "mlp_margin": 0.9961011223495007, "was_uncertain": false, "final_pred": 3, "changed_from_mlp": false, "selected_threshold_high": 0.05, "selected_method_mode": "feature_first_selective_weighted_correction_v1", "winning_class_components": {"mlp_term": -0.002558999406521143, "feature_similarity_term": 0.3000005722045898, "feature_knn_term": 0.0, "graph_neighbor_term": 0.0, "compatibility_term": 0.17500000000000002}}, {"node_id": 4, "mlp_pred": 4, "mlp_max_prob": 0.966510534286499, "mlp_margin": 0.9509573075920343, "was_uncertain": false, "final_pred": 4, "changed_from_mlp": false, "selected_threshold_high": 0.05, "selected_method_mode": "feature_first_selective_weighted_correction_v1", "winning_class_components": {"mlp_term": -0.03406308097618224, "feature_similarity_term": 0.3000005722045898, "feature_knn_term": 0.0, "graph_neighbor_term": 0.0, "compatibility_term": 0.10338983050847457}}, {"node_id": 8, "mlp_pred": 3, "mlp_max_prob": 0.9971643090248108, "mlp_margin": 0.9954623548546806, "was_uncertain": false, "final_pred": 3, "changed_from_mlp": false, "selected_threshold_high": 0.05, "selected_method_mode": "feature_first_selective_weighted_correction_v1", "winning_class_components": {"mlp_term": -0.00283971916377685, "feature_similarity_term": 0.30000067949295045, "feature_knn_term": 0.0, "graph_neighbor_term": 0.0021240663973444538, "compatibility_term": 0.03649825781230078}}, {"node_id": 19, "mlp_pred": 3, "mlp_max_prob": 0.9814503192901611, "mlp_margin": 0.9701885432004929, "was_uncertain": false, "final_pred": 3, "changed_from_mlp": false, "selected_threshold_high": 0.05, "selected_method_mode": "feature_first_selective_weighted_correction_v1", "winning_class_components": {"mlp_term": -0.01872388367339378, "feature_similarity_term": 0.3000006079673767, "feature_knn_term": 0.0, "graph_neighbor_term": 0.0, "compatibility_term": 0.17500000000000002}}, {"node_id": 21, "mlp_pred": 3, "mlp_max_prob": 0.9988625049591064, "mlp_margin": 0.9982681615510955, "was_uncertain": false, "final_pred": 3, "changed_from_mlp": false, "selected_threshold_high": 0.05, "selected_method_mode": "feature_first_selective_weighted_correction_v1", "winning_class_components": {"mlp_term": -0.001138142479396209, "feature_similarity_term": 0.30000121593475343, "feature_knn_term": 0.0, "graph_neighbor_term": 0.005285710798055323, "compatibility_term": 0.08797499812393851}}, {"node_id": 33, "mlp_pred": 3, "mlp_max_prob": 0.9968979358673096, "mlp_margin": 0.9954519806196913, "was_uncertain": false, "final_pred": 3, "changed_from_mlp": false, "selected_threshold_high": 0.05, "selected_method_mode": "feature_first_selective_weighted_correction_v1", "winning_class_components": {"mlp_term": -0.0031068855070221285, "feature_similarity_term": 0.345732307434082, "feature_knn_term": 0.0, "graph_neighbor_term": 0.0, "compatibility_term": 0.17500000000000002}}, {"node_id": 39, "mlp_pred": 3, "mlp_max_prob": 0.7996463775634766, "mlp_margin": 0.7127214893698692, "was_uncertain": false, "final_pred": 3, "changed_from_mlp": false, "selected_threshold_high": 0.05, "selected_method_mode": "feature_first_selective_weighted_correction_v1", "winning_class_components": {"mlp_term": -0.2235856770830593, "feature_similarity_term": 0.32924126386642455, "feature_knn_term": 0.0, "graph_neighbor_term": 0.024914237606939005, "compatibility_term": 0.10151423070476091}}, {"node_id": 40, "mlp_pred": 0, "mlp_max_prob": 0.986625075340271, "mlp_margin": 0.9765028338879347, "was_uncertain": false, "final_pred": 0, "changed_from_mlp": false, "selected_threshold_high": 0.05, "selected_method_mode": "feature_first_selective_weighted_correction_v1", "winning_class_components": {"mlp_term": -0.013465174591965976, "feature_similarity_term": 0.3000010371208191, "feature_knn_term": 0.0, "graph_neighbor_term": 0.0, "compatibility_term": 0.1651685393258427}}, {"node_id": 44, "mlp_pred": 3, "mlp_max_prob": 0.797722339630127, "mlp_margin": 0.6909411624073982, "was_uncertain": false, "final_pred": 3, "changed_from_mlp": false, "selected_threshold_high": 0.05, "selected_method_mode": "feature_first_selective_weighted_correction_v1", "winning_class_components": {"mlp_term": -0.22599468740500367, "feature_similarity_term": 0.30000064373016355, "feature_knn_term": 0.0, "graph_neighbor_term": 0.0, "compatibility_term": 0.10535714285714286}}, {"node_id": 55, "mlp_pred": 4, "mlp_max_prob": 0.7331133484840393, "mlp_margin": 0.6525389105081558, "was_uncertain": false, "final_pred": 4, "changed_from_mlp": false, "selected_threshold_high": 0.05, "selected_method_mode": "feature_first_selective_weighted_correction_v1", "winning_class_components": {"mlp_term": -0.3104549526465883, "feature_similarity_term": 0.3000002861022949, "feature_knn_term": 0.0, "graph_neighbor_term": 0.0003434908037419672, "compatibility_term": 0.08106996046544515}}, {"node_id": 57, "mlp_pred": 2, "mlp_max_prob": 0.727272093296051, "mlp_margin": 0.6138461977243423, "was_uncertain": false, "final_pred": 2, "changed_from_mlp": false, "selected_threshold_high": 0.05, "selected_method_mode": "feature_first_selective_weighted_correction_v1", "winning_class_components": {"mlp_term": -0.3184546028368444, "feature_similarity_term": 0.3000001788139343, "feature_knn_term": 0.0, "graph_neighbor_term": 0.00010460323825653104, "compatibility_term": 0.07134118111415703}}, {"node_id": 59, "mlp_pred": 2, "mlp_max_prob": 0.4460721015930176, "mlp_margin": 0.1361505687236786, "was_uncertain": false, "final_pred": 2, "changed_from_mlp": false, "selected_threshold_high": 0.05, "selected_method_mode": "feature_first_selective_weighted_correction_v1", "winning_class_components": {"mlp_term": -0.8072746772634761, "feature_similarity_term": 0.3000012874603271, "feature_knn_term": 0.0,