{"dataset": "texas", "seed": 133802, "method": "selective_graph_correction", "selected_threshold_high": 0.05, "selected_weights": {"b1": 1.0, "b2": 0.6, "b3": 0.0, "b4": 0.5, "b5": 0.3}, "mode": "feature_first_selective_weighted_correction_v1", "feature_knn_used": false, "feature_knn_k": 5, "runtime_sec": {"mlp_training_runtime_sec": 0.0, "evidence_runtime_sec": 0.008584448019973934, "selection_runtime_sec": 0.0021887699840590358, "inference_runtime_sec": 1.1030933819711208e-05, "selective_overhead_runtime_sec": 0.01078424893785268, "total_runtime_sec": 0.01078424893785268, "avg_runtime_overhead_over_mlp_sec": 0.01078424893785268}, "summary": {"val_acc_mlp": 0.7796610169491526, "val_acc_selective": 0.7796610169491526, "test_acc_mlp": 0.8378378378378378, "test_acc_selective": 0.8648648648648649, "val_fraction_uncertain": 0.05084745762711865, "test_fraction_uncertain": 0.02702702702702703, "val_fraction_changed_from_mlp": 0.0, "test_fraction_changed_from_mlp": 0.02702702702702703, "acc_val_confident": 0.7857142857142857, "acc_val_uncertain": 0.6666666666666666, "acc_test_confident": 0.8611111111111112, "acc_test_uncertain": 1.0}, "test_node_diagnostics": [{"node_id": 0, "mlp_pred": 3, "mlp_max_prob": 0.6864749193191528, "mlp_margin": 0.4858902394771576, "was_uncertain": false, "final_pred": 3, "changed_from_mlp": false, "selected_threshold_high": 0.05, "selected_method_mode": "feature_first_selective_weighted_correction_v1", "winning_class_components": {"mlp_term": -0.3761855885723761, "feature_similarity_term": 0.3, "feature_knn_term": 0.0, "graph_neighbor_term": 0.04114985723561075, "compatibility_term": 0.05525064958490478}}, {"node_id": 12, "mlp_pred": 3, "mlp_max_prob": 0.9375791549682617, "mlp_margin": 0.9173416402190924, "was_uncertain": false, "final_pred": 3, "changed_from_mlp": false, "selected_threshold_high": 0.05, "selected_method_mode": "feature_first_selective_weighted_correction_v1", "winning_class_components": {"mlp_term": -0.06445409273560317, "feature_similarity_term": 0.3000007152557373, "feature_knn_term": 0.0, "graph_neighbor_term": 0.023515318969882078, "compatibility_term": 0.07739889029154966}}, {"node_id": 19, "mlp_pred": 3, "mlp_max_prob": 0.9432438611984253, "mlp_margin": 0.9105915054678917, "was_uncertain": false, "final_pred": 3, "changed_from_mlp": false, "selected_threshold_high": 0.05, "selected_method_mode": "feature_first_selective_weighted_correction_v1", "winning_class_components": {"mlp_term": -0.058430428297325886, "feature_similarity_term": 0.3000004291534424, "feature_knn_term": 0.0, "graph_neighbor_term": 0.023515318969882078, "compatibility_term": 0.07739889029154966}}, {"node_id": 20, "mlp_pred": 4, "mlp_max_prob": 0.5793626308441162, "mlp_margin": 0.35053806006908417, "was_uncertain": false, "final_pred": 4, "changed_from_mlp": false, "selected_threshold_high": 0.05, "selected_method_mode": "feature_first_selective_weighted_correction_v1", "winning_class_components": {"mlp_term": -0.5458266920262825, "feature_similarity_term": 0.3000007152557373, "feature_knn_term": 0.0, "graph_neighbor_term": 0.1275150261583977, "compatibility_term": 0.06498660172487006}}, {"node_id": 31, "mlp_pred": 3, "mlp_max_prob": 0.9962390661239624, "mlp_margin": 0.9940987015143037, "was_uncertain": false, "final_pred": 3, "changed_from_mlp": false, "selected_threshold_high": 0.05, "selected_method_mode": "feature_first_selective_weighted_correction_v1", "winning_class_components": {"mlp_term": -0.003768023970347498, "feature_similarity_term": 0.3000003933906555, "feature_knn_term": 0.0, "graph_neighbor_term": 0.03763398036045368, "compatibility_term": 0.07882987218929345}}, {"node_id": 33, "mlp_pred": 3, "mlp_max_prob": 0.9864503145217896, "mlp_margin": 0.9776672264561057, "was_uncertain": false, "final_pred": 3, "changed_from_mlp": false, "selected_threshold_high": 0.05, "selected_method_mode": "feature_first_selective_weighted_correction_v1", "winning_class_components": {"mlp_term": -0.013642320199109423, "feature_similarity_term": 0.3000006079673767, "feature_knn_term": 0.0, "graph_neighbor_term": 0.023515318969882078, "compatibility_term": 0.07739889029154966}}, {"node_id": 35, "mlp_pred": 4, "mlp_max_prob": 0.8874334096908569, "mlp_margin": 0.838712677359581, "was_uncertain": false, "final_pred": 4, "changed_from_mlp": false, "selected_threshold_high": 0.05, "selected_method_mode": "feature_first_selective_weighted_correction_v1", "winning_class_components": {"mlp_term": -0.11942179178180327, "feature_similarity_term": 0.3000001072883606, "feature_knn_term": 0.0, "graph_neighbor_term": 0.008378651752760318, "compatibility_term": 0.05835949704967537}}, {"node_id": 39, "mlp_pred": 3, "mlp_max_prob": 0.6941273212432861, "mlp_margin": 0.4753025323152542, "was_uncertain": false, "final_pred": 3, "changed_from_mlp": false, "selected_threshold_high": 0.05, "selected_method_mode": "feature_first_selective_weighted_correction_v1", "winning_class_components": {"mlp_term": -0.3650998752973262, "feature_similarity_term": 0.30000064373016355, "feature_knn_term": 0.0, "graph_neighbor_term": 0.0745156746634359, "compatibility_term": 0.07271350907816758}}, {"node_id": 41, "mlp_pred": 4, "mlp_max_prob": 0.9830895662307739, "mlp_margin": 0.9715466108173132, "was_uncertain": false, "final_pred": 4, "changed_from_mlp": false, "selected_threshold_high": 0.05, "selected_method_mode": "feature_first_selective_weighted_correction_v1", "winning_class_components": {"mlp_term": -0.017055047796720506, "feature_similarity_term": 0.3000004649162292, "feature_knn_term": 0.0, "graph_neighbor_term": 0.0652283889848061, "compatibility_term": 0.062399360908498284}}, {"node_id": 48, "mlp_pred": 0, "mlp_max_prob": 0.910548746585846, "mlp_margin": 0.8693169690668583, "was_uncertain": false, "final_pred": 0, "changed_from_mlp": false, "selected_threshold_high": 0.05, "selected_method_mode": "feature_first_selective_weighted_correction_v1", "winning_class_components": {"mlp_term": -0.09370784298746856, "feature_similarity_term": 0.3000006079673767, "feature_knn_term": 0.0, "graph_neighbor_term": 0.0, "compatibility_term": 0.10714285714285712}}, {"node_id": 56, "mlp_pred": 2, "mlp_max_prob": 0.8686980605125427, "mlp_margin": 0.8147879168391228, "was_uncertain": false, "final_pred": 2, "changed_from_mlp": false, "selected_threshold_high": 0.05, "selected_method_mode": "feature_first_selective_weighted_correction_v1", "winning_class_components": {"mlp_term": -0.1407596703507993, "feature_similarity_term": 0.3000008583068848, "feature_knn_term": 0.0, "graph_neighbor_term": 0.05219883610433912, "compatibility_term": 0.10256802198759239}}, {"node_id": 60, "mlp_pred": 4, "mlp_max_prob": 0.9521536827087402, "mlp_margin": 0.9286194574087858, "was_uncertain": false, "final_pred": 4, "changed_from_mlp": false, "selected_threshold_high": 0.05, "selected_method_mode": "feature_first_selective_weighted_correction_v1", "winning_class_components": {"mlp_term": -0.04902882580267681, "feature_similarity_term": 0.30000025033950806, "feature_knn_term": 0.0, "graph_neighbor_term": 0.03135117298516026, "compatibility_term": 0.06391875672178836}}, {"node_id": 63, "mlp_pred": 3, "mlp_max_prob": 0.99916672706604, "mlp_margin": 0.9988807155168615, "was_uncertain": false, "final_pred": 3, "changed_from_mlp": false, "selected_threshold_high": 0.05, "selected_method_mode": "feature_first_selective_weighted_correction_v1", "winning_class_components": {"mlp_term": -0.0008336202988310984, "feature_similarity_term": 0.30000075101852414, "feature_knn_term": 0.0, "graph_neighbor_term": 0.05290751609093681, "compatibility_term": 0.06895009443447564}}, {"node_id": 69, "mlp_pred": 3, "mlp_max_prob": 0.9802249073982239, "mlp_margin": 0.9721227092668414, "was_uncertain": false, "final_pred": 3, "changed_from_mlp": false, "selected_threshold_high": 0.05, "selected_method_mode": "feature_first_selective_weighted_correction_v1", "winning_class_components": {"mlp_term": -0.019973236302880313,