{"dataset": "texas", "seed": 134502, "method": "selective_graph_correction", "selected_threshold_high": 0.05, "selected_weights": {"b1": 1.0, "b2": 0.6, "b3": 0.0, "b4": 0.5, "b5": 0.3}, "mode": "feature_first_selective_weighted_correction_v1", "feature_knn_used": false, "feature_knn_k": 5, "runtime_sec": {"mlp_training_runtime_sec": 0.0, "evidence_runtime_sec": 0.009703594958409667, "selection_runtime_sec": 0.002112054033204913, "inference_runtime_sec": 1.0068994015455246e-05, "selective_overhead_runtime_sec": 0.011825717985630035, "total_runtime_sec": 0.011825717985630035, "avg_runtime_overhead_over_mlp_sec": 0.011825717985630035}, "summary": {"val_acc_mlp": 0.7966101694915254, "val_acc_selective": 0.7966101694915254, "test_acc_mlp": 0.7027027027027027, "test_acc_selective": 0.7027027027027027, "val_fraction_uncertain": 0.01694915254237288, "test_fraction_uncertain": 0.05405405405405406, "val_fraction_changed_from_mlp": 0.01694915254237288, "test_fraction_changed_from_mlp": 0.02702702702702703, "acc_val_confident": 0.8103448275862069, "acc_val_uncertain": 0.0, "acc_test_confident": 0.7428571428571429, "acc_test_uncertain": 0.0}, "test_node_diagnostics": [{"node_id": 1, "mlp_pred": 0, "mlp_max_prob": 0.9184022545814514, "mlp_margin": 0.8709537871181965, "was_uncertain": false, "final_pred": 0, "changed_from_mlp": false, "selected_threshold_high": 0.05, "selected_method_mode": "feature_first_selective_weighted_correction_v1", "winning_class_components": {"mlp_term": -0.08511979851844219, "feature_similarity_term": 0.30000118017196653, "feature_knn_term": 0.0, "graph_neighbor_term": 0.02421814826901235, "compatibility_term": 0.06404059722826991}}, {"node_id": 14, "mlp_pred": 4, "mlp_max_prob": 0.3215353488922119, "mlp_margin": 0.021153032779693604, "was_uncertain": true, "final_pred": 4, "changed_from_mlp": false, "selected_threshold_high": 0.05, "selected_method_mode": "feature_first_selective_weighted_correction_v1", "winning_class_components": {"mlp_term": -1.1346477914504947, "feature_similarity_term": 0.30000014305114747, "feature_knn_term": 0.0, "graph_neighbor_term": 0.0, "compatibility_term": 0.08076923076923076}}, {"node_id": 15, "mlp_pred": 4, "mlp_max_prob": 0.7996450662612915, "mlp_margin": 0.677001841366291, "was_uncertain": false, "final_pred": 4, "changed_from_mlp": false, "selected_threshold_high": 0.05, "selected_method_mode": "feature_first_selective_weighted_correction_v1", "winning_class_components": {"mlp_term": -0.223587316936996, "feature_similarity_term": 0.3000008583068848, "feature_knn_term": 0.0, "graph_neighbor_term": 0.07781964823361084, "compatibility_term": 0.07689737726813985}}, {"node_id": 17, "mlp_pred": 3, "mlp_max_prob": 0.9837846755981445, "mlp_margin": 0.9777845093049109, "was_uncertain": false, "final_pred": 3, "changed_from_mlp": false, "selected_threshold_high": 0.05, "selected_method_mode": "feature_first_selective_weighted_correction_v1", "winning_class_components": {"mlp_term": -0.01634823148734289, "feature_similarity_term": 0.3000008940696716, "feature_knn_term": 0.0, "graph_neighbor_term": 0.009093950195558654, "compatibility_term": 0.10315619466467155}}, {"node_id": 19, "mlp_pred": 3, "mlp_max_prob": 0.7893118262290955, "mlp_margin": 0.6883156895637512, "was_uncertain": false, "final_pred": 3, "changed_from_mlp": false, "selected_threshold_high": 0.05, "selected_method_mode": "feature_first_selective_weighted_correction_v1", "winning_class_components": {"mlp_term": -0.23659381919353853, "feature_similarity_term": 0.3000003933906555, "feature_knn_term": 0.0, "graph_neighbor_term": 0.018187899777085768, "compatibility_term": 0.09520127875535496}}, {"node_id": 20, "mlp_pred": 0, "mlp_max_prob": 0.6981308460235596, "mlp_margin": 0.5071055144071579, "was_uncertain": false, "final_pred": 0, "changed_from_mlp": false, "selected_threshold_high": 0.05, "selected_method_mode": "feature_first_selective_weighted_correction_v1", "winning_class_components": {"mlp_term": -0.35934873530143613, "feature_similarity_term": 0.3000008225440979, "feature_knn_term": 0.0, "graph_neighbor_term": 0.004101800724747674, "compatibility_term": 0.06693869353100103}}, {"node_id": 21, "mlp_pred": 3, "mlp_max_prob": 0.9913745522499084, "mlp_margin": 0.988105689175427, "was_uncertain": false, "final_pred": 3, "changed_from_mlp": false, "selected_threshold_high": 0.05, "selected_method_mode": "feature_first_selective_weighted_correction_v1", "winning_class_components": {"mlp_term": -0.008662862224289638, "feature_similarity_term": 0.30000075101852414, "feature_knn_term": 0.0, "graph_neighbor_term": 0.007465120085247953, "compatibility_term": 0.08295818895268857}}, {"node_id": 30, "mlp_pred": 3, "mlp_max_prob": 0.8306334018707275, "mlp_margin": 0.7511072158813477, "was_uncertain": false, "final_pred": 3, "changed_from_mlp": false, "selected_threshold_high": 0.05, "selected_method_mode": "feature_first_selective_weighted_correction_v1", "winning_class_components": {"mlp_term": -0.1855667344467749, "feature_similarity_term": 0.3000004649162292, "feature_knn_term": 0.0, "graph_neighbor_term": 0.16981779451528903, "compatibility_term": 0.1072166164565121}}, {"node_id": 31, "mlp_pred": 3, "mlp_max_prob": 0.9579191207885742, "mlp_margin": 0.9349924270063639, "was_uncertain": false, "final_pred": 3, "changed_from_mlp": false, "selected_threshold_high": 0.05, "selected_method_mode": "feature_first_selective_weighted_correction_v1", "winning_class_components": {"mlp_term": -0.0429919296393916, "feature_similarity_term": 0.3000003933906555, "feature_knn_term": 0.0, "graph_neighbor_term": 0.006062633531931499, "compatibility_term": 0.10580783342047106}}, {"node_id": 45, "mlp_pred": 2, "mlp_max_prob": 0.9486171007156372, "mlp_margin": 0.9339650291949511, "was_uncertain": false, "final_pred": 2, "changed_from_mlp": false, "selected_threshold_high": 0.05, "selected_method_mode": "feature_first_selective_weighted_correction_v1", "winning_class_components": {"mlp_term": -0.052750038381266906, "feature_similarity_term": 0.3, "feature_knn_term": 0.0, "graph_neighbor_term": 0.48558413362262953, "compatibility_term": 0.06150773218280578}}, {"node_id": 47, "mlp_pred": 2, "mlp_max_prob": 0.9552180171012878, "mlp_margin": 0.9349767155945301, "was_uncertain": false, "final_pred": 2, "changed_from_mlp": false, "selected_threshold_high": 0.05, "selected_method_mode": "feature_first_selective_weighted_correction_v1", "winning_class_components": {"mlp_term": -0.04581567439722322, "feature_similarity_term": 0.3000006079673767, "feature_knn_term": 0.0, "graph_neighbor_term": 0.2987024716859283, "compatibility_term": 0.05280761909023546}}, {"node_id": 52, "mlp_pred": 0, "mlp_max_prob": 0.7006219625473022, "mlp_margin": 0.41662752628326416, "was_uncertain": false, "final_pred": 0, "changed_from_mlp": false, "selected_threshold_high": 0.05, "selected_method_mode": "feature_first_selective_weighted_correction_v1", "winning_class_components": {"mlp_term": -0.3557868205124042, "feature_similarity_term": 0.3000003933906555, "feature_knn_term": 0.0, "graph_neighbor_term": 0.06934856155163542, "compatibility_term": 0.05060051317408175}}, {"node_id": 56, "mlp_pred": 2, "mlp_max_prob": 0.7922148704528809, "mlp_margin": 0.6535177379846573, "was_uncertain": false, "final_pred": 2, "changed_from_mlp": false, "selected_threshold_high": 0.05, "selected_method_mode": "feature_first_selective_weighted_correction_v1", "winning_class_components": {"mlp_term": -0.23292262288632362, "feature_similarity_term": 0.31181631088256834, "feature_knn_term": 0.0, "graph_neighbor_term": 0.07578408584064124, "compatibility_term": 0.12077873501309593}}, {"node_id": 61, "mlp_pred": 4, "mlp_max_prob": 0.592101514339447, "mlp_margin": 0.34392741322517395, "was_uncertain": false, "final_pred": 4, "changed_from_mlp": false, "selected_threshold_high": 0.05, "selected_method_mode": "feature_first_selective_weighted_correction_v1", "winning_class_components": {"mlp_term": -0.5240771818738771,