{"dataset": "texas", "seed": 134202, "method": "selective_graph_correction", "selected_threshold_high": 0.05, "selected_weights": {"b1": 1.0, "b2": 0.6, "b3": 0.0, "b4": 0.5, "b5": 0.3}, "mode": "feature_first_selective_weighted_correction_v1", "feature_knn_used": false, "feature_knn_k": 5, "runtime_sec": {"mlp_training_runtime_sec": 0.0, "evidence_runtime_sec": 0.00529730599373579, "selection_runtime_sec": 0.0011241630127187818, "inference_runtime_sec": 6.0940219555050135e-06, "selective_overhead_runtime_sec": 0.006427563028410077, "total_runtime_sec": 0.006427563028410077, "avg_runtime_overhead_over_mlp_sec": 0.006427563028410077}, "summary": {"val_acc_mlp": 0.8305084745762712, "val_acc_selective": 0.8135593220338984, "test_acc_mlp": 0.7837837837837838, "test_acc_selective": 0.7297297297297297, "val_fraction_uncertain": 0.05084745762711865, "test_fraction_uncertain": 0.05405405405405406, "val_fraction_changed_from_mlp": 0.01694915254237288, "test_fraction_changed_from_mlp": 0.05405405405405406, "acc_val_confident": 0.8392857142857143, "acc_val_uncertain": 0.3333333333333333, "acc_test_confident": 0.7714285714285715, "acc_test_uncertain": 0.0}, "test_node_diagnostics": [{"node_id": 3, "mlp_pred": 3, "mlp_max_prob": 0.9258309602737427, "mlp_margin": 0.8933252394199371, "was_uncertain": false, "final_pred": 3, "changed_from_mlp": false, "selected_threshold_high": 0.05, "selected_method_mode": "feature_first_selective_weighted_correction_v1", "winning_class_components": {"mlp_term": -0.07706360930042057, "feature_similarity_term": 0.30000075101852414, "feature_knn_term": 0.0, "graph_neighbor_term": 0.0, "compatibility_term": 0.17746478873239435}}, {"node_id": 10, "mlp_pred": 3, "mlp_max_prob": 0.9996067881584167, "mlp_margin": 0.9994641806988511, "was_uncertain": false, "final_pred": 3, "changed_from_mlp": false, "selected_threshold_high": 0.05, "selected_method_mode": "feature_first_selective_weighted_correction_v1", "winning_class_components": {"mlp_term": -0.00039328916963096635, "feature_similarity_term": 0.36449031829833983, "feature_knn_term": 0.0, "graph_neighbor_term": 0.00019056361776750505, "compatibility_term": 0.04230230311437622}}, {"node_id": 11, "mlp_pred": 3, "mlp_max_prob": 0.9554917812347412, "mlp_margin": 0.9334742240607738, "was_uncertain": false, "final_pred": 3, "changed_from_mlp": false, "selected_threshold_high": 0.05, "selected_method_mode": "feature_first_selective_weighted_correction_v1", "winning_class_components": {"mlp_term": -0.045529116872302246, "feature_similarity_term": 0.30000053644180297, "feature_knn_term": 0.0, "graph_neighbor_term": 0.05851529681921074, "compatibility_term": 0.08956355550308442}}, {"node_id": 17, "mlp_pred": 3, "mlp_max_prob": 0.7957299947738647, "mlp_margin": 0.6524967849254608, "was_uncertain": false, "final_pred": 3, "changed_from_mlp": false, "selected_threshold_high": 0.05, "selected_method_mode": "feature_first_selective_weighted_correction_v1", "winning_class_components": {"mlp_term": -0.22849535322534617, "feature_similarity_term": 0.3000006079673767, "feature_knn_term": 0.0, "graph_neighbor_term": 0.0, "compatibility_term": 0.10985915492957747}}, {"node_id": 23, "mlp_pred": 3, "mlp_max_prob": 0.9659919142723083, "mlp_margin": 0.9545873161405325, "was_uncertain": false, "final_pred": 3, "changed_from_mlp": false, "selected_threshold_high": 0.05, "selected_method_mode": "feature_first_selective_weighted_correction_v1", "winning_class_components": {"mlp_term": -0.03459981512317174, "feature_similarity_term": 0.3000005006790161, "feature_knn_term": 0.0, "graph_neighbor_term": 0.0010323151818679868, "compatibility_term": 0.07617258795223077}}, {"node_id": 28, "mlp_pred": 2, "mlp_max_prob": 0.9477389454841614, "mlp_margin": 0.9181155227124691, "was_uncertain": false, "final_pred": 2, "changed_from_mlp": false, "selected_threshold_high": 0.05, "selected_method_mode": "feature_first_selective_weighted_correction_v1", "winning_class_components": {"mlp_term": -0.05367618861134182, "feature_similarity_term": 0.31532156467437744, "feature_knn_term": 0.0, "graph_neighbor_term": 0.005195497546661, "compatibility_term": 0.08047257260398102}}, {"node_id": 36, "mlp_pred": 2, "mlp_max_prob": 0.9380990266799927, "mlp_margin": 0.8967483341693878, "was_uncertain": false, "final_pred": 2, "changed_from_mlp": false, "selected_threshold_high": 0.05, "selected_method_mode": "feature_first_selective_weighted_correction_v1", "winning_class_components": {"mlp_term": -0.06389976339474968, "feature_similarity_term": 0.30000035762786864, "feature_knn_term": 0.0, "graph_neighbor_term": 0.0005049881939618289, "compatibility_term": 0.08102436618062284}}, {"node_id": 44, "mlp_pred": 3, "mlp_max_prob": 0.47212257981300354, "mlp_margin": 0.012313157320022583, "was_uncertain": true, "final_pred": 2, "changed_from_mlp": true, "selected_threshold_high": 0.05, "selected_method_mode": "feature_first_selective_weighted_correction_v1", "winning_class_components": {"mlp_term": -0.7769431742728109, "feature_similarity_term": 0.30000003576278683, "feature_knn_term": 0.0, "graph_neighbor_term": 0.25, "compatibility_term": 0.05675675675675676}}, {"node_id": 45, "mlp_pred": 2, "mlp_max_prob": 0.8394550681114197, "mlp_margin": 0.7843515202403069, "was_uncertain": false, "final_pred": 2, "changed_from_mlp": false, "selected_threshold_high": 0.05, "selected_method_mode": "feature_first_selective_weighted_correction_v1", "winning_class_components": {"mlp_term": -0.17500232609890728, "feature_similarity_term": 0.30000003576278683, "feature_knn_term": 0.0, "graph_neighbor_term": 0.4595721304158432, "compatibility_term": 0.050055100837972884}}, {"node_id": 46, "mlp_pred": 2, "mlp_max_prob": 0.9818707704544067, "mlp_margin": 0.9751285766251385, "was_uncertain": false, "final_pred": 2, "changed_from_mlp": false, "selected_threshold_high": 0.05, "selected_method_mode": "feature_first_selective_weighted_correction_v1", "winning_class_components": {"mlp_term": -0.018295577602757296, "feature_similarity_term": 0.3000008225440979, "feature_knn_term": 0.0, "graph_neighbor_term": 0.019090394064855045, "compatibility_term": 0.07137370271315167}}, {"node_id": 47, "mlp_pred": 2, "mlp_max_prob": 0.8210083842277527, "mlp_margin": 0.6975321993231773, "was_uncertain": false, "final_pred": 2, "changed_from_mlp": false, "selected_threshold_high": 0.05, "selected_method_mode": "feature_first_selective_weighted_correction_v1", "winning_class_components": {"mlp_term": -0.19722195736778164, "feature_similarity_term": 0.3333917140960693, "feature_knn_term": 0.0, "graph_neighbor_term": 0.19042627004945156, "compatibility_term": 0.06128087850098547}}, {"node_id": 55, "mlp_pred": 2, "mlp_max_prob": 0.6022124886512756, "mlp_margin": 0.2996876537799835, "was_uncertain": false, "final_pred": 2, "changed_from_mlp": false, "selected_threshold_high": 0.05, "selected_method_mode": "feature_first_selective_weighted_correction_v1", "winning_class_components": {"mlp_term": -0.5071449247714677, "feature_similarity_term": 0.3000004291534424, "feature_knn_term": 0.0, "graph_neighbor_term": 0.25, "compatibility_term": 0.060810810810810814}}, {"node_id": 62, "mlp_pred": 3, "mlp_max_prob": 0.5433604121208191, "mlp_margin": 0.3569539189338684, "was_uncertain": false, "final_pred": 3, "changed_from_mlp": false, "selected_threshold_high": 0.05, "selected_method_mode": "feature_first_selective_weighted_correction_v1", "winning_class_components": {"mlp_term": -0.6099824368321473, "feature_similarity_term": 0.29999994635581967, "feature_knn_term": 0.0, "graph_neighbor_term": 0.0, "compatibility_term": 0.08732394366197183}}, {"node_id": 64, "mlp_pred": 3, "mlp_max_prob": 0.8902843594551086, "mlp_margin": 0.801580622792244, "was_uncertain": false, "final_pred": 3, "changed_from_mlp": false, "selected_threshold_high": 0.05, "selected_method_mode": "feature_first_selective_weighted_correction_v1", "winning_class_components": {"mlp_term": -0.11621436228106638,