{"dataset": "texas", "seed": 134401, "method": "selective_graph_correction", "selected_threshold_high": 0.05, "selected_weights": {"b1": 1.0, "b2": 0.4, "b3": 0.0, "b4": 0.9, "b5": 0.5}, "mode": "feature_first_selective_weighted_correction_v1", "feature_knn_used": false, "feature_knn_k": 5, "runtime_sec": {"mlp_training_runtime_sec": 0.0, "evidence_runtime_sec": 0.005074653978226706, "selection_runtime_sec": 0.001149206014815718, "inference_runtime_sec": 6.719987140968442e-06, "selective_overhead_runtime_sec": 0.006230579980183393, "total_runtime_sec": 0.006230579980183393, "avg_runtime_overhead_over_mlp_sec": 0.006230579980183393}, "summary": {"val_acc_mlp": 0.7457627118644068, "val_acc_selective": 0.7627118644067796, "test_acc_mlp": 0.7567567567567568, "test_acc_selective": 0.7837837837837838, "val_fraction_uncertain": 0.03389830508474576, "test_fraction_uncertain": 0.08108108108108109, "val_fraction_changed_from_mlp": 0.03389830508474576, "test_fraction_changed_from_mlp": 0.02702702702702703, "acc_val_confident": 0.7719298245614035, "acc_val_uncertain": 0.5, "acc_test_confident": 0.7941176470588235, "acc_test_uncertain": 0.6666666666666666}, "test_node_diagnostics": [{"node_id": 0, "mlp_pred": 0, "mlp_max_prob": 0.8255367875099182, "mlp_margin": 0.7431327179074287, "was_uncertain": false, "final_pred": 0, "changed_from_mlp": false, "selected_threshold_high": 0.05, "selected_method_mode": "feature_first_selective_weighted_correction_v1", "winning_class_components": {"mlp_term": -0.19172145270221494, "feature_similarity_term": 0.1999999761581421, "feature_knn_term": 0.0, "graph_neighbor_term": 0.8169037444753932, "compatibility_term": 0.036059624900963407}}, {"node_id": 14, "mlp_pred": 3, "mlp_max_prob": 0.6930220723152161, "mlp_margin": 0.6058794409036636, "was_uncertain": false, "final_pred": 3, "changed_from_mlp": false, "selected_threshold_high": 0.05, "selected_method_mode": "feature_first_selective_weighted_correction_v1", "winning_class_components": {"mlp_term": -0.3666934299167393, "feature_similarity_term": 0.20000016689300537, "feature_knn_term": 0.0, "graph_neighbor_term": 0.0, "compatibility_term": 0.26973684210526316}}, {"node_id": 20, "mlp_pred": 0, "mlp_max_prob": 0.9880557060241699, "mlp_margin": 0.980131134390831, "was_uncertain": false, "final_pred": 0, "changed_from_mlp": false, "selected_threshold_high": 0.05, "selected_method_mode": "feature_first_selective_weighted_correction_v1", "winning_class_components": {"mlp_term": -0.01201620020815256, "feature_similarity_term": 0.2000009059906006, "feature_knn_term": 0.0, "graph_neighbor_term": 0.0001338482954551517, "compatibility_term": 0.2446671345932182}}, {"node_id": 25, "mlp_pred": 2, "mlp_max_prob": 0.3571383059024811, "mlp_margin": 0.009224921464920044, "was_uncertain": true, "final_pred": 2, "changed_from_mlp": false, "selected_threshold_high": 0.05, "selected_method_mode": "feature_first_selective_weighted_correction_v1", "winning_class_components": {"mlp_term": -1.02963216073541, "feature_similarity_term": 0.20722877979278564, "feature_knn_term": 0.0, "graph_neighbor_term": 0.9, "compatibility_term": 0.06521739130434782}}, {"node_id": 29, "mlp_pred": 2, "mlp_max_prob": 0.5055633187294006, "mlp_margin": 0.16235652565956116, "was_uncertain": false, "final_pred": 2, "changed_from_mlp": false, "selected_threshold_high": 0.05, "selected_method_mode": "feature_first_selective_weighted_correction_v1", "winning_class_components": {"mlp_term": -0.6820819887627736, "feature_similarity_term": 0.2000001907348633, "feature_knn_term": 0.0, "graph_neighbor_term": 0.001739388497507507, "compatibility_term": 0.15137116019934643}}, {"node_id": 30, "mlp_pred": 3, "mlp_max_prob": 0.6213418841362, "mlp_margin": 0.3616817593574524, "was_uncertain": false, "final_pred": 3, "changed_from_mlp": false, "selected_threshold_high": 0.05, "selected_method_mode": "feature_first_selective_weighted_correction_v1", "winning_class_components": {"mlp_term": -0.47587381047762495, "feature_similarity_term": 0.2000002145767212, "feature_knn_term": 0.0, "graph_neighbor_term": 0.30855622451732595, "compatibility_term": 0.16287761612903684}}, {"node_id": 34, "mlp_pred": 4, "mlp_max_prob": 0.8202404379844666, "mlp_margin": 0.7522808313369751, "was_uncertain": false, "final_pred": 4, "changed_from_mlp": false, "selected_threshold_high": 0.05, "selected_method_mode": "feature_first_selective_weighted_correction_v1", "winning_class_components": {"mlp_term": -0.1981577646493298, "feature_similarity_term": 0.20000016689300537, "feature_knn_term": 0.0, "graph_neighbor_term": 0.10726744001671104, "compatibility_term": 0.13543713110770114}}, {"node_id": 36, "mlp_pred": 2, "mlp_max_prob": 0.9282885789871216, "mlp_margin": 0.8991717286407948, "was_uncertain": false, "final_pred": 2, "changed_from_mlp": false, "selected_threshold_high": 0.05, "selected_method_mode": "feature_first_selective_weighted_correction_v1", "winning_class_components": {"mlp_term": -0.07441262580057012, "feature_similarity_term": 0.2000002145767212, "feature_knn_term": 0.0, "graph_neighbor_term": 0.0006082999080329149, "compatibility_term": 0.15239984728023187}}, {"node_id": 37, "mlp_pred": 3, "mlp_max_prob": 0.8657769560813904, "mlp_margin": 0.7857942059636116, "was_uncertain": false, "final_pred": 3, "changed_from_mlp": false, "selected_threshold_high": 0.05, "selected_method_mode": "feature_first_selective_weighted_correction_v1", "winning_class_components": {"mlp_term": -0.14412796008107215, "feature_similarity_term": 0.2000001907348633, "feature_knn_term": 0.0, "graph_neighbor_term": 0.0005535577093748056, "compatibility_term": 0.1715117456749693}}, {"node_id": 50, "mlp_pred": 0, "mlp_max_prob": 0.9985378980636597, "mlp_margin": 0.9980409895069897, "was_uncertain": false, "final_pred": 0, "changed_from_mlp": false, "selected_threshold_high": 0.05, "selected_method_mode": "feature_first_selective_weighted_correction_v1", "winning_class_components": {"mlp_term": -0.001463171850385888, "feature_similarity_term": 0.20000054836273196, "feature_knn_term": 0.0, "graph_neighbor_term": 0.029085201037634286, "compatibility_term": 0.2214304359553849}}, {"node_id": 52, "mlp_pred": 0, "mlp_max_prob": 0.7842972278594971, "mlp_margin": 0.6837287619709969, "was_uncertain": false, "final_pred": 0, "changed_from_mlp": false, "selected_threshold_high": 0.05, "selected_method_mode": "feature_first_selective_weighted_correction_v1", "winning_class_components": {"mlp_term": -0.24296721331075846, "feature_similarity_term": 0.2000002145767212, "feature_knn_term": 0.0, "graph_neighbor_term": 0.9, "compatibility_term": 0.028985507246376812}}, {"node_id": 53, "mlp_pred": 3, "mlp_max_prob": 0.45723673701286316, "mlp_margin": 0.039292603731155396, "was_uncertain": true, "final_pred": 3, "changed_from_mlp": false, "selected_threshold_high": 0.05, "selected_method_mode": "feature_first_selective_weighted_correction_v1", "winning_class_components": {"mlp_term": -0.7825539981179276, "feature_similarity_term": 0.20000004768371582, "feature_knn_term": 0.0, "graph_neighbor_term": 0.45, "compatibility_term": 0.14802631578947367}}, {"node_id": 58, "mlp_pred": 0, "mlp_max_prob": 0.815341591835022, "mlp_margin": 0.692923903465271, "was_uncertain": false, "final_pred": 0, "changed_from_mlp": false, "selected_threshold_high": 0.05, "selected_method_mode": "feature_first_selective_weighted_correction_v1", "winning_class_components": {"mlp_term": -0.20414812246625608, "feature_similarity_term": 0.20000033378601076, "feature_knn_term": 0.0, "graph_neighbor_term": 0.2357170340574332, "compatibility_term": 0.20463035760089937}}, {"node_id": 61, "mlp_pred": 4, "mlp_max_prob": 0.8611053824424744, "mlp_margin": 0.8087530694901943, "was_uncertain": false, "final_pred": 4, "changed_from_mlp": false, "selected_threshold_high": 0.05, "selected_method_mode": "feature_first_selective_weighted_correction_v1", "winning_class_components": {"mlp_term": -0.14953838664054184,