{"dataset": "texas", "seed": 134600, "method": "selective_graph_correction", "selected_threshold_high": 0.1, "selected_weights": {"b1": 1.0, "b2": 0.6, "b3": 0.0, "b4": 0.5, "b5": 0.3}, "mode": "feature_first_selective_weighted_correction_v1", "feature_knn_used": false, "feature_knn_k": 5, "runtime_sec": {"mlp_training_runtime_sec": 0.0, "evidence_runtime_sec": 0.005317021015798673, "selection_runtime_sec": 0.0012050110090058297, "inference_runtime_sec": 7.484981324523687e-06, "selective_overhead_runtime_sec": 0.006529517006129026, "total_runtime_sec": 0.006529517006129026, "avg_runtime_overhead_over_mlp_sec": 0.006529517006129026}, "summary": {"val_acc_mlp": 0.7796610169491526, "val_acc_selective": 0.7796610169491526, "test_acc_mlp": 0.8108108108108109, "test_acc_selective": 0.8108108108108109, "val_fraction_uncertain": 0.1016949152542373, "test_fraction_uncertain": 0.1891891891891892, "val_fraction_changed_from_mlp": 0.03389830508474576, "test_fraction_changed_from_mlp": 0.08108108108108109, "acc_val_confident": 0.7924528301886793, "acc_val_uncertain": 0.6666666666666666, "acc_test_confident": 0.9, "acc_test_uncertain": 0.42857142857142855}, "test_node_diagnostics": [{"node_id": 8, "mlp_pred": 3, "mlp_max_prob": 0.8924862146377563, "mlp_margin": 0.8113223388791084, "was_uncertain": false, "final_pred": 3, "changed_from_mlp": false, "selected_threshold_high": 0.1, "selected_method_mode": "feature_first_selective_weighted_correction_v1", "winning_class_components": {"mlp_term": -0.11374421123165676, "feature_similarity_term": 0.30000075101852414, "feature_knn_term": 0.0, "graph_neighbor_term": 0.12895140501871813, "compatibility_term": 0.05555983967478119}}, {"node_id": 9, "mlp_pred": 0, "mlp_max_prob": 0.8193853497505188, "mlp_margin": 0.6732651889324188, "was_uncertain": false, "final_pred": 0, "changed_from_mlp": false, "selected_threshold_high": 0.1, "selected_method_mode": "feature_first_selective_weighted_correction_v1", "winning_class_components": {"mlp_term": -0.1992007932694767, "feature_similarity_term": 0.3185356020927429, "feature_knn_term": 0.0, "graph_neighbor_term": 0.07272003347247727, "compatibility_term": 0.09333571230363814}}, {"node_id": 14, "mlp_pred": 3, "mlp_max_prob": 0.5925318002700806, "mlp_margin": 0.3703770935535431, "was_uncertain": false, "final_pred": 3, "changed_from_mlp": false, "selected_threshold_high": 0.1, "selected_method_mode": "feature_first_selective_weighted_correction_v1", "winning_class_components": {"mlp_term": -0.5233507360711976, "feature_similarity_term": 0.30000014305114747, "feature_knn_term": 0.0, "graph_neighbor_term": 0.0, "compatibility_term": 0.047058823529411764}}, {"node_id": 15, "mlp_pred": 4, "mlp_max_prob": 0.9752969145774841, "mlp_margin": 0.9673835728317499, "was_uncertain": false, "final_pred": 4, "changed_from_mlp": false, "selected_threshold_high": 0.1, "selected_method_mode": "feature_first_selective_weighted_correction_v1", "winning_class_components": {"mlp_term": -0.025013326571681642, "feature_similarity_term": 0.30000125169754027, "feature_knn_term": 0.0, "graph_neighbor_term": 0.05430098071268047, "compatibility_term": 0.08711345665129377}}, {"node_id": 30, "mlp_pred": 3, "mlp_max_prob": 0.9849477410316467, "mlp_margin": 0.9799549244344234, "was_uncertain": false, "final_pred": 3, "changed_from_mlp": false, "selected_threshold_high": 0.1, "selected_method_mode": "feature_first_selective_weighted_correction_v1", "winning_class_components": {"mlp_term": -0.0151666940077097, "feature_similarity_term": 0.32302533388137816, "feature_knn_term": 0.0, "graph_neighbor_term": 0.21178217319826992, "compatibility_term": 0.06040207529105378}}, {"node_id": 31, "mlp_pred": 3, "mlp_max_prob": 0.9801926016807556, "mlp_margin": 0.972797850612551, "was_uncertain": false, "final_pred": 3, "changed_from_mlp": false, "selected_threshold_high": 0.1, "selected_method_mode": "feature_first_selective_weighted_correction_v1", "winning_class_components": {"mlp_term": -0.02000619430016566, "feature_similarity_term": 0.3000003933906555, "feature_knn_term": 0.0, "graph_neighbor_term": 0.04292245609983279, "compatibility_term": 0.08692873875590852}}, {"node_id": 33, "mlp_pred": 3, "mlp_max_prob": 0.9781469702720642, "mlp_margin": 0.9698955668136477, "was_uncertain": false, "final_pred": 3, "changed_from_mlp": false, "selected_threshold_high": 0.1, "selected_method_mode": "feature_first_selective_weighted_correction_v1", "winning_class_components": {"mlp_term": -0.022095343885875675, "feature_similarity_term": 0.3000008225440979, "feature_knn_term": 0.0, "graph_neighbor_term": 0.12876736254314883, "compatibility_term": 0.060786218020718166}}, {"node_id": 34, "mlp_pred": 4, "mlp_max_prob": 0.4410451054573059, "mlp_margin": 0.05399176478385925, "was_uncertain": true, "final_pred": 0, "changed_from_mlp": true, "selected_threshold_high": 0.1, "selected_method_mode": "feature_first_selective_weighted_correction_v1", "winning_class_components": {"mlp_term": -0.9491927642526654, "feature_similarity_term": 0.3, "feature_knn_term": 0.0, "graph_neighbor_term": 0.35460150130505413, "compatibility_term": 0.04043102139813483}}, {"node_id": 48, "mlp_pred": 0, "mlp_max_prob": 0.8904992341995239, "mlp_margin": 0.806493729352951, "was_uncertain": false, "final_pred": 0, "changed_from_mlp": false, "selected_threshold_high": 0.1, "selected_method_mode": "feature_first_selective_weighted_correction_v1", "winning_class_components": {"mlp_term": -0.11597303621963616, "feature_similarity_term": 0.3000005722045898, "feature_knn_term": 0.0, "graph_neighbor_term": 0.03928758613101752, "compatibility_term": 0.10632445760683892}}, {"node_id": 61, "mlp_pred": 3, "mlp_max_prob": 0.27168962359428406, "mlp_margin": 0.07054303586483002, "was_uncertain": true, "final_pred": 3, "changed_from_mlp": false, "selected_threshold_high": 0.1, "selected_method_mode": "feature_first_selective_weighted_correction_v1", "winning_class_components": {"mlp_term": -1.3030949539516088, "feature_similarity_term": 0.2999999105930328, "feature_knn_term": 0.0, "graph_neighbor_term": 0.06438368343020547, "compatibility_term": 0.08039310835298685}}, {"node_id": 67, "mlp_pred": 3, "mlp_max_prob": 0.9998422861099243, "mlp_margin": 0.9997727010922972, "was_uncertain": false, "final_pred": 3, "changed_from_mlp": false, "selected_threshold_high": 0.1, "selected_method_mode": "feature_first_selective_weighted_correction_v1", "winning_class_components": {"mlp_term": -0.00015772632821904083, "feature_similarity_term": 0.3498323321342468, "feature_knn_term": 0.0, "graph_neighbor_term": 0.24996058291756082, "compatibility_term": 0.08529224898590754}}, {"node_id": 69, "mlp_pred": 3, "mlp_max_prob": 0.9401616454124451, "mlp_margin": 0.9041762091219425, "was_uncertain": false, "final_pred": 3, "changed_from_mlp": false, "selected_threshold_high": 0.1, "selected_method_mode": "feature_first_selective_weighted_correction_v1", "winning_class_components": {"mlp_term": -0.06170345529733572, "feature_similarity_term": 0.3000010013580322, "feature_knn_term": 0.0, "graph_neighbor_term": 0.12876736254314883, "compatibility_term": 0.060786218020718166}}, {"node_id": 70, "mlp_pred": 0, "mlp_max_prob": 0.4563980996608734, "mlp_margin": 0.006680488586425781, "was_uncertain": true, "final_pred": 4, "changed_from_mlp": true, "selected_threshold_high": 0.1, "selected_method_mode": "feature_first_selective_weighted_correction_v1", "winning_class_components": {"mlp_term": -0.7991354241433991, "feature_similarity_term": 0.3346809267997742, "feature_knn_term": 0.0, "graph_neighbor_term": 0.007668912554996959, "compatibility_term": 0.05952188560104166}}, {"node_id": 71, "mlp_pred": 0, "mlp_max_prob": 0.6029467582702637, "mlp_margin": 0.2931252419948578, "was_uncertain": false, "final_pred": 0, "changed_from_mlp": false, "selected_threshold_high": 0.1, "selected_method_mode": "feature_first_selective_weighted_correction_v1", "winning_class_components": {"mlp_term": -0.5059263808956765,