{"dataset": "texas", "seed": 134601, "method": "selective_graph_correction", "selected_threshold_high": 0.05, "selected_weights": {"b1": 1.0, "b2": 0.6, "b3": 0.0, "b4": 0.5, "b5": 0.3}, "mode": "feature_first_selective_weighted_correction_v1", "feature_knn_used": false, "feature_knn_k": 5, "runtime_sec": {"mlp_training_runtime_sec": 0.0, "evidence_runtime_sec": 0.005328219995135441, "selection_runtime_sec": 0.0011654599802568555, "inference_runtime_sec": 6.137008313089609e-06, "selective_overhead_runtime_sec": 0.0064998169837053865, "total_runtime_sec": 0.0064998169837053865, "avg_runtime_overhead_over_mlp_sec": 0.0064998169837053865}, "summary": {"val_acc_mlp": 0.7966101694915254, "val_acc_selective": 0.8135593220338984, "test_acc_mlp": 0.8108108108108109, "test_acc_selective": 0.8108108108108109, "val_fraction_uncertain": 0.06779661016949153, "test_fraction_uncertain": 0.02702702702702703, "val_fraction_changed_from_mlp": 0.05084745762711865, "test_fraction_changed_from_mlp": 0.02702702702702703, "acc_val_confident": 0.8545454545454545, "acc_val_uncertain": 0.25, "acc_test_confident": 0.8333333333333334, "acc_test_uncertain": 0.0}, "test_node_diagnostics": [{"node_id": 8, "mlp_pred": 3, "mlp_max_prob": 0.9442945718765259, "mlp_margin": 0.918674336746335, "was_uncertain": false, "final_pred": 3, "changed_from_mlp": false, "selected_threshold_high": 0.05, "selected_method_mode": "feature_first_selective_weighted_correction_v1", "winning_class_components": {"mlp_term": -0.057317115033642445, "feature_similarity_term": 0.30000075101852414, "feature_knn_term": 0.0, "graph_neighbor_term": 0.09339814819392632, "compatibility_term": 0.0540875811102239}}, {"node_id": 9, "mlp_pred": 0, "mlp_max_prob": 0.9354848861694336, "mlp_margin": 0.8784268647432327, "was_uncertain": false, "final_pred": 0, "changed_from_mlp": false, "selected_threshold_high": 0.05, "selected_method_mode": "feature_first_selective_weighted_correction_v1", "winning_class_components": {"mlp_term": -0.06669028928365964, "feature_similarity_term": 0.3185356020927429, "feature_knn_term": 0.0, "graph_neighbor_term": 0.09983967840910438, "compatibility_term": 0.09293921285792701}}, {"node_id": 14, "mlp_pred": 3, "mlp_max_prob": 0.9075784683227539, "mlp_margin": 0.8743236400187016, "was_uncertain": false, "final_pred": 3, "changed_from_mlp": false, "selected_threshold_high": 0.05, "selected_method_mode": "feature_first_selective_weighted_correction_v1", "winning_class_components": {"mlp_term": -0.0969752501097869, "feature_similarity_term": 0.30000014305114747, "feature_knn_term": 0.0, "graph_neighbor_term": 0.0, "compatibility_term": 0.047058823529411764}}, {"node_id": 15, "mlp_pred": 4, "mlp_max_prob": 0.9843565821647644, "mlp_margin": 0.9790033018216491, "was_uncertain": false, "final_pred": 4, "changed_from_mlp": false, "selected_threshold_high": 0.05, "selected_method_mode": "feature_first_selective_weighted_correction_v1", "winning_class_components": {"mlp_term": -0.01576706732500344, "feature_similarity_term": 0.30000125169754027, "feature_knn_term": 0.0, "graph_neighbor_term": 0.05483722779197348, "compatibility_term": 0.0870135701415971}}, {"node_id": 30, "mlp_pred": 3, "mlp_max_prob": 0.9899588227272034, "mlp_margin": 0.9860488148406148, "was_uncertain": false, "final_pred": 3, "changed_from_mlp": false, "selected_threshold_high": 0.05, "selected_method_mode": "feature_first_selective_weighted_correction_v1", "winning_class_components": {"mlp_term": -0.010091929923367854, "feature_similarity_term": 0.32302533388137816, "feature_knn_term": 0.0, "graph_neighbor_term": 0.2159790056821672, "compatibility_term": 0.06124962997719004}}, {"node_id": 31, "mlp_pred": 3, "mlp_max_prob": 0.9873741269111633, "mlp_margin": 0.9821832212619483, "was_uncertain": false, "final_pred": 3, "changed_from_mlp": false, "selected_threshold_high": 0.05, "selected_method_mode": "feature_first_selective_weighted_correction_v1", "winning_class_components": {"mlp_term": -0.012706256750469633, "feature_similarity_term": 0.3000003933906555, "feature_knn_term": 0.0, "graph_neighbor_term": 0.04510270014303227, "compatibility_term": 0.08669166437915828}}, {"node_id": 33, "mlp_pred": 3, "mlp_max_prob": 0.9780779480934143, "mlp_margin": 0.9673220813274384, "was_uncertain": false, "final_pred": 3, "changed_from_mlp": false, "selected_threshold_high": 0.05, "selected_method_mode": "feature_first_selective_weighted_correction_v1", "winning_class_components": {"mlp_term": -0.022165910596309173, "feature_similarity_term": 0.3000008225440979, "feature_knn_term": 0.0, "graph_neighbor_term": 0.13530809774076646, "compatibility_term": 0.060074993930713395}}, {"node_id": 34, "mlp_pred": 4, "mlp_max_prob": 0.4589534103870392, "mlp_margin": 0.17267921566963196, "was_uncertain": false, "final_pred": 4, "changed_from_mlp": false, "selected_threshold_high": 0.05, "selected_method_mode": "feature_first_selective_weighted_correction_v1", "winning_class_components": {"mlp_term": -0.7788065764980628, "feature_similarity_term": 0.3000003218650818, "feature_knn_term": 0.0, "graph_neighbor_term": 0.03314936795988964, "compatibility_term": 0.08738980579629148}}, {"node_id": 48, "mlp_pred": 0, "mlp_max_prob": 0.897990345954895, "mlp_margin": 0.8337030336260796, "was_uncertain": false, "final_pred": 0, "changed_from_mlp": false, "selected_threshold_high": 0.05, "selected_method_mode": "feature_first_selective_weighted_correction_v1", "winning_class_components": {"mlp_term": -0.10759596134474678, "feature_similarity_term": 0.3000005722045898, "feature_knn_term": 0.0, "graph_neighbor_term": 0.03239085471917573, "compatibility_term": 0.10730242552300864}}, {"node_id": 61, "mlp_pred": 3, "mlp_max_prob": 0.21826587617397308, "mlp_margin": 0.0032155513763427734, "was_uncertain": true, "final_pred": 2, "changed_from_mlp": true, "selected_threshold_high": 0.05, "selected_method_mode": "feature_first_selective_weighted_correction_v1", "winning_class_components": {"mlp_term": -1.6728671311166345, "feature_similarity_term": 0.30000025033950806, "feature_knn_term": 0.0, "graph_neighbor_term": 0.29007386729011136, "compatibility_term": 0.05636809503483631}}, {"node_id": 67, "mlp_pred": 3, "mlp_max_prob": 0.9998379945755005, "mlp_margin": 0.9997711631003767, "was_uncertain": false, "final_pred": 3, "changed_from_mlp": false, "selected_threshold_high": 0.05, "selected_method_mode": "feature_first_selective_weighted_correction_v1", "winning_class_components": {"mlp_term": -0.00016201854879578596, "feature_similarity_term": 0.3498323321342468, "feature_knn_term": 0.0, "graph_neighbor_term": 0.2499594993879486, "compatibility_term": 0.0852925799683985}}, {"node_id": 69, "mlp_pred": 3, "mlp_max_prob": 0.9602089524269104, "mlp_margin": 0.9343578182160854, "was_uncertain": false, "final_pred": 3, "changed_from_mlp": false, "selected_threshold_high": 0.05, "selected_method_mode": "feature_first_selective_weighted_correction_v1", "winning_class_components": {"mlp_term": -0.04060435942645863, "feature_similarity_term": 0.3000010013580322, "feature_knn_term": 0.0, "graph_neighbor_term": 0.13530809774076646, "compatibility_term": 0.060074993930713395}}, {"node_id": 70, "mlp_pred": 4, "mlp_max_prob": 0.5479019284248352, "mlp_margin": 0.14031162858009338, "was_uncertain": false, "final_pred": 4, "changed_from_mlp": false, "selected_threshold_high": 0.05, "selected_method_mode": "feature_first_selective_weighted_correction_v1", "winning_class_components": {"mlp_term": -0.6016589707782644, "feature_similarity_term": 0.3346809267997742, "feature_knn_term": 0.0, "graph_neighbor_term": 0.008990277519467701, "compatibility_term": 0.06138663452791676}}, {"node_id": 71, "mlp_pred": 0, "mlp_max_prob": 0.7286940217018127, "mlp_margin": 0.48874929547309875, "was_uncertain": false, "final_pred": 0, "changed_from_mlp": false, "selected_threshold_high": 0.05, "selected_method_mode": "feature_first_selective_weighted_correction_v1",