{"dataset": "texas", "seed": 134501, "method": "selective_graph_correction", "selected_threshold_high": 0.05, "selected_weights": {"b1": 1.0, "b2": 0.6, "b3": 0.0, "b4": 0.5, "b5": 0.3}, "mode": "feature_first_selective_weighted_correction_v1", "feature_knn_used": false, "feature_knn_k": 5, "runtime_sec": {"mlp_training_runtime_sec": 0.0, "evidence_runtime_sec": 0.005043719022069126, "selection_runtime_sec": 0.001145399990491569, "inference_runtime_sec": 5.943991709500551e-06, "selective_overhead_runtime_sec": 0.006195063004270196, "total_runtime_sec": 0.006195063004270196, "avg_runtime_overhead_over_mlp_sec": 0.006195063004270196}, "summary": {"val_acc_mlp": 0.8305084745762712, "val_acc_selective": 0.8135593220338984, "test_acc_mlp": 0.6756756756756757, "test_acc_selective": 0.6756756756756757, "val_fraction_uncertain": 0.05084745762711865, "test_fraction_uncertain": 0.02702702702702703, "val_fraction_changed_from_mlp": 0.01694915254237288, "test_fraction_changed_from_mlp": 0.02702702702702703, "acc_val_confident": 0.8392857142857143, "acc_val_uncertain": 0.3333333333333333, "acc_test_confident": 0.6944444444444444, "acc_test_uncertain": 0.0}, "test_node_diagnostics": [{"node_id": 1, "mlp_pred": 0, "mlp_max_prob": 0.9854658842086792, "mlp_margin": 0.9755052085965872, "was_uncertain": false, "final_pred": 0, "changed_from_mlp": false, "selected_threshold_high": 0.05, "selected_method_mode": "feature_first_selective_weighted_correction_v1", "winning_class_components": {"mlp_term": -0.01464077073724686, "feature_similarity_term": 0.30000118017196653, "feature_knn_term": 0.0, "graph_neighbor_term": 0.012360773610498489, "compatibility_term": 0.06891160663959592}}, {"node_id": 14, "mlp_pred": 4, "mlp_max_prob": 0.28865307569503784, "mlp_margin": 0.04256202280521393, "was_uncertain": true, "final_pred": 0, "changed_from_mlp": true, "selected_threshold_high": 0.05, "selected_method_mode": "feature_first_selective_weighted_correction_v1", "winning_class_components": {"mlp_term": -1.4020536778338826, "feature_similarity_term": 0.30000014305114747, "feature_knn_term": 0.0, "graph_neighbor_term": 0.5, "compatibility_term": 0.03529411764705882}}, {"node_id": 15, "mlp_pred": 4, "mlp_max_prob": 0.8786178827285767, "mlp_margin": 0.7855159491300583, "was_uncertain": false, "final_pred": 4, "changed_from_mlp": false, "selected_threshold_high": 0.05, "selected_method_mode": "feature_first_selective_weighted_correction_v1", "winning_class_components": {"mlp_term": -0.1294051939842894, "feature_similarity_term": 0.3000008583068848, "feature_knn_term": 0.0, "graph_neighbor_term": 0.059827754204905145, "compatibility_term": 0.07820884762237963}}, {"node_id": 17, "mlp_pred": 3, "mlp_max_prob": 0.9933350086212158, "mlp_margin": 0.9906470484565943, "was_uncertain": false, "final_pred": 3, "changed_from_mlp": false, "selected_threshold_high": 0.05, "selected_method_mode": "feature_first_selective_weighted_correction_v1", "winning_class_components": {"mlp_term": -0.006687301620793479, "feature_similarity_term": 0.3000008940696716, "feature_knn_term": 0.0, "graph_neighbor_term": 0.024153729450819464, "compatibility_term": 0.10430927332742457}}, {"node_id": 19, "mlp_pred": 3, "mlp_max_prob": 0.9446603059768677, "mlp_margin": 0.9120316803455353, "was_uncertain": false, "final_pred": 3, "changed_from_mlp": false, "selected_threshold_high": 0.05, "selected_method_mode": "feature_first_selective_weighted_correction_v1", "winning_class_components": {"mlp_term": -0.056929880686014636, "feature_similarity_term": 0.3000003933906555, "feature_knn_term": 0.0, "graph_neighbor_term": 0.04830745800184243, "compatibility_term": 0.09750743579712623}}, {"node_id": 20, "mlp_pred": 0, "mlp_max_prob": 0.9268243908882141, "mlp_margin": 0.8971247933804989, "was_uncertain": false, "final_pred": 0, "changed_from_mlp": false, "selected_threshold_high": 0.05, "selected_method_mode": "feature_first_selective_weighted_correction_v1", "winning_class_components": {"mlp_term": -0.0759911694544852, "feature_similarity_term": 0.3000008225440979, "feature_knn_term": 0.0, "graph_neighbor_term": 0.0012624812067835768, "compatibility_term": 0.06852545977269174}}, {"node_id": 21, "mlp_pred": 3, "mlp_max_prob": 0.992624819278717, "mlp_margin": 0.9892567987553775, "was_uncertain": false, "final_pred": 3, "changed_from_mlp": false, "selected_threshold_high": 0.05, "selected_method_mode": "feature_first_selective_weighted_correction_v1", "winning_class_components": {"mlp_term": -0.00740251183078359, "feature_similarity_term": 0.30000075101852414, "feature_knn_term": 0.0, "graph_neighbor_term": 0.01822104966619248, "compatibility_term": 0.08373988008729177}}, {"node_id": 30, "mlp_pred": 3, "mlp_max_prob": 0.9493466019630432, "mlp_margin": 0.9180529378354549, "was_uncertain": false, "final_pred": 3, "changed_from_mlp": false, "selected_threshold_high": 0.05, "selected_method_mode": "feature_first_selective_weighted_correction_v1", "winning_class_components": {"mlp_term": -0.051981318429141235, "feature_similarity_term": 0.3000004649162292, "feature_knn_term": 0.0, "graph_neighbor_term": 0.1625433427986897, "compatibility_term": 0.10589172946879978}}, {"node_id": 31, "mlp_pred": 3, "mlp_max_prob": 0.9726033806800842, "mlp_margin": 0.9601994892582297, "was_uncertain": false, "final_pred": 3, "changed_from_mlp": false, "selected_threshold_high": 0.05, "selected_method_mode": "feature_first_selective_weighted_correction_v1", "winning_class_components": {"mlp_term": -0.02777890509819217, "feature_similarity_term": 0.3000003933906555, "feature_knn_term": 0.0, "graph_neighbor_term": 0.016102486400523704, "compatibility_term": 0.10657655256049917}}, {"node_id": 45, "mlp_pred": 2, "mlp_max_prob": 0.7887088060379028, "mlp_margin": 0.7144802361726761, "was_uncertain": false, "final_pred": 2, "changed_from_mlp": false, "selected_threshold_high": 0.05, "selected_method_mode": "feature_first_selective_weighted_correction_v1", "winning_class_components": {"mlp_term": -0.23735809338389444, "feature_similarity_term": 0.3, "feature_knn_term": 0.0, "graph_neighbor_term": 0.4449535224322569, "compatibility_term": 0.06289777035821771}}, {"node_id": 47, "mlp_pred": 2, "mlp_max_prob": 0.8144816756248474, "mlp_margin": 0.7073016315698624, "was_uncertain": false, "final_pred": 2, "changed_from_mlp": false, "selected_threshold_high": 0.05, "selected_method_mode": "feature_first_selective_weighted_correction_v1", "winning_class_components": {"mlp_term": -0.20520334889127578, "feature_similarity_term": 0.3000006079673767, "feature_knn_term": 0.0, "graph_neighbor_term": 0.29211069777470455, "compatibility_term": 0.05493856155127162}}, {"node_id": 52, "mlp_pred": 0, "mlp_max_prob": 0.65333092212677, "mlp_margin": 0.3197154700756073, "was_uncertain": false, "final_pred": 0, "changed_from_mlp": false, "selected_threshold_high": 0.05, "selected_method_mode": "feature_first_selective_weighted_correction_v1", "winning_class_components": {"mlp_term": -0.425671506054785, "feature_similarity_term": 0.3000003933906555, "feature_knn_term": 0.0, "graph_neighbor_term": 0.053453171497092715, "compatibility_term": 0.05117541713753585}}, {"node_id": 56, "mlp_pred": 2, "mlp_max_prob": 0.7526642084121704, "mlp_margin": 0.6457578614354134, "was_uncertain": false, "final_pred": 2, "changed_from_mlp": false, "selected_threshold_high": 0.05, "selected_method_mode": "feature_first_selective_weighted_correction_v1", "winning_class_components": {"mlp_term": -0.28413608900597687, "feature_similarity_term": 0.31181631088256834, "feature_knn_term": 0.0, "graph_neighbor_term": 0.07328992229718476, "compatibility_term": 0.12112298543930466}}, {"node_id": 61, "mlp_pred": 4, "mlp_max_prob": 0.5525265336036682, "mlp_margin": 0.2671891450881958, "was_uncertain": false, "final_pred": 4, "changed_from_mlp": false, "selected_threshold_high": 0.05, "selected_method_mode": "feature_first_selective_weighted_correction_v1", "winning_class_components": {"mlp_term": -0.5932538221213505,