{"dataset": "texas", "seed": 134002, "method": "selective_graph_correction", "selected_threshold_high": 0.05, "selected_weights": {"b1": 1.0, "b2": 0.6, "b3": 0.0, "b4": 0.5, "b5": 0.3}, "mode": "feature_first_selective_weighted_correction_v1", "feature_knn_used": false, "feature_knn_k": 5, "runtime_sec": {"mlp_training_runtime_sec": 0.0, "evidence_runtime_sec": 0.005151465011294931, "selection_runtime_sec": 0.0011409419821575284, "inference_runtime_sec": 5.9689918998628855e-06, "selective_overhead_runtime_sec": 0.0062983759853523225, "total_runtime_sec": 0.0062983759853523225, "avg_runtime_overhead_over_mlp_sec": 0.0062983759853523225}, "summary": {"val_acc_mlp": 0.7288135593220338, "val_acc_selective": 0.7288135593220338, "test_acc_mlp": 0.7837837837837838, "test_acc_selective": 0.7567567567567568, "val_fraction_uncertain": 0.01694915254237288, "test_fraction_uncertain": 0.10810810810810811, "val_fraction_changed_from_mlp": 0.0, "test_fraction_changed_from_mlp": 0.02702702702702703, "acc_val_confident": 0.7413793103448276, "acc_val_uncertain": 0.0, "acc_test_confident": 0.8484848484848485, "acc_test_uncertain": 0.0}, "test_node_diagnostics": [{"node_id": 0, "mlp_pred": 0, "mlp_max_prob": 0.2957177460193634, "mlp_margin": 0.019484400749206543, "was_uncertain": true, "final_pred": 0, "changed_from_mlp": false, "selected_threshold_high": 0.05, "selected_method_mode": "feature_first_selective_weighted_correction_v1", "winning_class_components": {"mlp_term": -1.2183498403317423, "feature_similarity_term": 0.2999996244907379, "feature_knn_term": 0.0, "graph_neighbor_term": 0.3391774205700644, "compatibility_term": 0.03823241518827075}}, {"node_id": 2, "mlp_pred": 2, "mlp_max_prob": 0.9512642621994019, "mlp_margin": 0.9327155631035566, "was_uncertain": false, "final_pred": 2, "changed_from_mlp": false, "selected_threshold_high": 0.05, "selected_method_mode": "feature_first_selective_weighted_correction_v1", "winning_class_components": {"mlp_term": -0.0499633768049426, "feature_similarity_term": 0.3169052481651306, "feature_knn_term": 0.0, "graph_neighbor_term": 0.0007568847828700207, "compatibility_term": 0.071104465673064}}, {"node_id": 3, "mlp_pred": 3, "mlp_max_prob": 0.9842150807380676, "mlp_margin": 0.9754757471382618, "was_uncertain": false, "final_pred": 3, "changed_from_mlp": false, "selected_threshold_high": 0.05, "selected_method_mode": "feature_first_selective_weighted_correction_v1", "winning_class_components": {"mlp_term": -0.01591082782873011, "feature_similarity_term": 0.3000005722045898, "feature_knn_term": 0.0, "graph_neighbor_term": 0.0, "compatibility_term": 0.17500000000000002}}, {"node_id": 4, "mlp_pred": 4, "mlp_max_prob": 0.9647970199584961, "mlp_margin": 0.9517394211143255, "was_uncertain": false, "final_pred": 4, "changed_from_mlp": false, "selected_threshold_high": 0.05, "selected_method_mode": "feature_first_selective_weighted_correction_v1", "winning_class_components": {"mlp_term": -0.03583754178005586, "feature_similarity_term": 0.3000005722045898, "feature_knn_term": 0.0, "graph_neighbor_term": 0.0, "compatibility_term": 0.10338983050847457}}, {"node_id": 8, "mlp_pred": 3, "mlp_max_prob": 0.9817626476287842, "mlp_margin": 0.9737835163250566, "was_uncertain": false, "final_pred": 3, "changed_from_mlp": false, "selected_threshold_high": 0.05, "selected_method_mode": "feature_first_selective_weighted_correction_v1", "winning_class_components": {"mlp_term": -0.018405702868233145, "feature_similarity_term": 0.30000067949295045, "feature_knn_term": 0.0, "graph_neighbor_term": 0.002027090689848595, "compatibility_term": 0.03688043086961197}}, {"node_id": 19, "mlp_pred": 3, "mlp_max_prob": 0.90398770570755, "mlp_margin": 0.8511982448399067, "was_uncertain": false, "final_pred": 3, "changed_from_mlp": false, "selected_threshold_high": 0.05, "selected_method_mode": "feature_first_selective_weighted_correction_v1", "winning_class_components": {"mlp_term": -0.10093951856346849, "feature_similarity_term": 0.3000006079673767, "feature_knn_term": 0.0, "graph_neighbor_term": 0.0, "compatibility_term": 0.17500000000000002}}, {"node_id": 21, "mlp_pred": 3, "mlp_max_prob": 0.9958286881446838, "mlp_margin": 0.9934670201037079, "was_uncertain": false, "final_pred": 3, "changed_from_mlp": false, "selected_threshold_high": 0.05, "selected_method_mode": "feature_first_selective_weighted_correction_v1", "winning_class_components": {"mlp_term": -0.0041800360459452995, "feature_similarity_term": 0.30000121593475343, "feature_knn_term": 0.0, "graph_neighbor_term": 0.004573440191651882, "compatibility_term": 0.08798991425159709}}, {"node_id": 33, "mlp_pred": 3, "mlp_max_prob": 0.9895415306091309, "mlp_margin": 0.9844732908532023, "was_uncertain": false, "final_pred": 3, "changed_from_mlp": false, "selected_threshold_high": 0.05, "selected_method_mode": "feature_first_selective_weighted_correction_v1", "winning_class_components": {"mlp_term": -0.010513543512423906, "feature_similarity_term": 0.345732307434082, "feature_knn_term": 0.0, "graph_neighbor_term": 0.0, "compatibility_term": 0.17500000000000002}}, {"node_id": 39, "mlp_pred": 3, "mlp_max_prob": 0.6511086821556091, "mlp_margin": 0.505915105342865, "was_uncertain": false, "final_pred": 3, "changed_from_mlp": false, "selected_threshold_high": 0.05, "selected_method_mode": "feature_first_selective_weighted_correction_v1", "winning_class_components": {"mlp_term": -0.4290787042319898, "feature_similarity_term": 0.32924126386642455, "feature_knn_term": 0.0, "graph_neighbor_term": 0.040897626068427256, "compatibility_term": 0.10639695546667184}}, {"node_id": 40, "mlp_pred": 0, "mlp_max_prob": 0.9955572485923767, "mlp_margin": 0.9937117956578732, "was_uncertain": false, "final_pred": 0, "changed_from_mlp": false, "selected_threshold_high": 0.05, "selected_method_mode": "feature_first_selective_weighted_correction_v1", "winning_class_components": {"mlp_term": -0.004452649755805042, "feature_similarity_term": 0.3000010371208191, "feature_knn_term": 0.0, "graph_neighbor_term": 0.0, "compatibility_term": 0.1651685393258427}}, {"node_id": 44, "mlp_pred": 3, "mlp_max_prob": 0.5143744945526123, "mlp_margin": 0.30358393490314484, "was_uncertain": false, "final_pred": 3, "changed_from_mlp": false, "selected_threshold_high": 0.05, "selected_method_mode": "feature_first_selective_weighted_correction_v1", "winning_class_components": {"mlp_term": -0.6648036901950527, "feature_similarity_term": 0.30000064373016355, "feature_knn_term": 0.0, "graph_neighbor_term": 0.0, "compatibility_term": 0.10535714285714286}}, {"node_id": 55, "mlp_pred": 4, "mlp_max_prob": 0.66265869140625, "mlp_margin": 0.5079036056995392, "was_uncertain": false, "final_pred": 4, "changed_from_mlp": false, "selected_threshold_high": 0.05, "selected_method_mode": "feature_first_selective_weighted_correction_v1", "winning_class_components": {"mlp_term": -0.4114952156073822, "feature_similarity_term": 0.3000002861022949, "feature_knn_term": 0.0, "graph_neighbor_term": 0.0006760969226972213, "compatibility_term": 0.08102264954239365}}, {"node_id": 57, "mlp_pred": 2, "mlp_max_prob": 0.6885507702827454, "mlp_margin": 0.546540230512619, "was_uncertain": false, "final_pred": 2, "changed_from_mlp": false, "selected_threshold_high": 0.05, "selected_method_mode": "feature_first_selective_weighted_correction_v1", "winning_class_components": {"mlp_term": -0.37316622310692604, "feature_similarity_term": 0.3000001788139343, "feature_knn_term": 0.0, "graph_neighbor_term": 0.0012447395390963074, "compatibility_term": 0.07076726191724426}}, {"node_id": 59, "mlp_pred": 2, "mlp_max_prob": 0.4448353946208954, "mlp_margin": 0.019569188356399536, "was_uncertain": true, "final_pred": 2, "changed_from_mlp": false, "selected_threshold_high": 0.05, "selected_method_mode": "feature_first_selective_weighted_correction_v1", "winning_class_components": {"mlp_term": -0.8100509649740016, "feature_similarity_term": 0.3000012874603271, "feature_knn_term": 0.0,