{"dataset": "texas", "seed": 134302, "method": "selective_graph_correction", "selected_threshold_high": 0.05, "selected_weights": {"b1": 1.0, "b2": 0.6, "b3": 0.0, "b4": 0.5, "b5": 0.3}, "mode": "feature_first_selective_weighted_correction_v1", "feature_knn_used": false, "feature_knn_k": 5, "runtime_sec": {"mlp_training_runtime_sec": 0.0, "evidence_runtime_sec": 0.0052619019988924265, "selection_runtime_sec": 0.0011889619927387685, "inference_runtime_sec": 6.778980605304241e-06, "selective_overhead_runtime_sec": 0.006457642972236499, "total_runtime_sec": 0.006457642972236499, "avg_runtime_overhead_over_mlp_sec": 0.006457642972236499}, "summary": {"val_acc_mlp": 0.7796610169491526, "val_acc_selective": 0.7796610169491526, "test_acc_mlp": 0.7567567567567568, "test_acc_selective": 0.7567567567567568, "val_fraction_uncertain": 0.05084745762711865, "test_fraction_uncertain": 0.08108108108108109, "val_fraction_changed_from_mlp": 0.0, "test_fraction_changed_from_mlp": 0.02702702702702703, "acc_val_confident": 0.7857142857142857, "acc_val_uncertain": 0.6666666666666666, "acc_test_confident": 0.8235294117647058, "acc_test_uncertain": 0.0}, "test_node_diagnostics": [{"node_id": 7, "mlp_pred": 0, "mlp_max_prob": 0.8930659890174866, "mlp_margin": 0.8256478235125542, "was_uncertain": false, "final_pred": 0, "changed_from_mlp": false, "selected_threshold_high": 0.05, "selected_method_mode": "feature_first_selective_weighted_correction_v1", "winning_class_components": {"mlp_term": -0.11309480495955901, "feature_similarity_term": 0.3000005722045898, "feature_knn_term": 0.0, "graph_neighbor_term": 0.004052249661896848, "compatibility_term": 0.10405599525497859}}, {"node_id": 8, "mlp_pred": 3, "mlp_max_prob": 0.6930336952209473, "mlp_margin": 0.5312357246875763, "was_uncertain": false, "final_pred": 3, "changed_from_mlp": false, "selected_threshold_high": 0.05, "selected_method_mode": "feature_first_selective_weighted_correction_v1", "winning_class_components": {"mlp_term": -0.36667665872180805, "feature_similarity_term": 0.3000005006790161, "feature_knn_term": 0.0, "graph_neighbor_term": 0.0, "compatibility_term": 0.11666666666666667}}, {"node_id": 10, "mlp_pred": 3, "mlp_max_prob": 0.998340368270874, "mlp_margin": 0.9974983122083358, "was_uncertain": false, "final_pred": 3, "changed_from_mlp": false, "selected_threshold_high": 0.05, "selected_method_mode": "feature_first_selective_weighted_correction_v1", "winning_class_components": {"mlp_term": -0.0016610104435140591, "feature_similarity_term": 0.36807793378829956, "feature_knn_term": 0.0, "graph_neighbor_term": 0.0024656896831571303, "compatibility_term": 0.11405583399856421}}, {"node_id": 11, "mlp_pred": 3, "mlp_max_prob": 0.5043368935585022, "mlp_margin": 0.18488827347755432, "was_uncertain": false, "final_pred": 3, "changed_from_mlp": false, "selected_threshold_high": 0.05, "selected_method_mode": "feature_first_selective_weighted_correction_v1", "winning_class_components": {"mlp_term": -0.6845107946168096, "feature_similarity_term": 0.30000078678131104, "feature_knn_term": 0.0, "graph_neighbor_term": 0.17248097707449406, "compatibility_term": 0.0838491260903572}}, {"node_id": 13, "mlp_pred": 1, "mlp_max_prob": 0.2887704074382782, "mlp_margin": 0.038456737995147705, "was_uncertain": true, "final_pred": 1, "changed_from_mlp": false, "selected_threshold_high": 0.05, "selected_method_mode": "feature_first_selective_weighted_correction_v1", "winning_class_components": {"mlp_term": -1.2421233445325817, "feature_similarity_term": 0.326462709903717, "feature_knn_term": 0.0, "graph_neighbor_term": 0.07219260118722355, "compatibility_term": 0.07975810775758597}}, {"node_id": 15, "mlp_pred": 4, "mlp_max_prob": 0.7520293593406677, "mlp_margin": 0.6460858061909676, "was_uncertain": false, "final_pred": 4, "changed_from_mlp": false, "selected_threshold_high": 0.05, "selected_method_mode": "feature_first_selective_weighted_correction_v1", "winning_class_components": {"mlp_term": -0.2849799141179838, "feature_similarity_term": 0.3000004649162292, "feature_knn_term": 0.0, "graph_neighbor_term": 0.04777891045639449, "compatibility_term": 0.0663259998224438}}, {"node_id": 27, "mlp_pred": 3, "mlp_max_prob": 0.9761732220649719, "mlp_margin": 0.9565760008990765, "was_uncertain": false, "final_pred": 3, "changed_from_mlp": false, "selected_threshold_high": 0.05, "selected_method_mode": "feature_first_selective_weighted_correction_v1", "winning_class_components": {"mlp_term": -0.024115226693098048, "feature_similarity_term": 0.30000053644180297, "feature_knn_term": 0.0, "graph_neighbor_term": 0.014977234809507902, "compatibility_term": 0.10415821145601888}}, {"node_id": 30, "mlp_pred": 3, "mlp_max_prob": 0.6140431761741638, "mlp_margin": 0.26121145486831665, "was_uncertain": false, "final_pred": 3, "changed_from_mlp": false, "selected_threshold_high": 0.05, "selected_method_mode": "feature_first_selective_weighted_correction_v1", "winning_class_components": {"mlp_term": -0.4876900338053994, "feature_similarity_term": 0.3000005722045898, "feature_knn_term": 0.0, "graph_neighbor_term": 0.07069859021221211, "compatibility_term": 0.08929096391383935}}, {"node_id": 32, "mlp_pred": 2, "mlp_max_prob": 0.5201761722564697, "mlp_margin": 0.31078314781188965, "was_uncertain": false, "final_pred": 2, "changed_from_mlp": false, "selected_threshold_high": 0.05, "selected_method_mode": "feature_first_selective_weighted_correction_v1", "winning_class_components": {"mlp_term": -0.6535877319830827, "feature_similarity_term": 0.30000007152557373, "feature_knn_term": 0.0, "graph_neighbor_term": 0.39817527479180237, "compatibility_term": 0.053429202244929225}}, {"node_id": 34, "mlp_pred": 4, "mlp_max_prob": 0.8061785697937012, "mlp_margin": 0.6925101429224014, "was_uncertain": false, "final_pred": 4, "changed_from_mlp": false, "selected_threshold_high": 0.05, "selected_method_mode": "feature_first_selective_weighted_correction_v1", "winning_class_components": {"mlp_term": -0.21545001040168893, "feature_similarity_term": 0.30000035762786864, "feature_knn_term": 0.0, "graph_neighbor_term": 0.06677711388359274, "compatibility_term": 0.08525440332058112}}, {"node_id": 35, "mlp_pred": 4, "mlp_max_prob": 0.44140705466270447, "mlp_margin": 0.19022417068481445, "was_uncertain": false, "final_pred": 4, "changed_from_mlp": false, "selected_threshold_high": 0.05, "selected_method_mode": "feature_first_selective_weighted_correction_v1", "winning_class_components": {"mlp_term": -0.8177878028162079, "feature_similarity_term": 0.30000021457672116, "feature_knn_term": 0.0, "graph_neighbor_term": 0.0033222481753803572, "compatibility_term": 0.10585947322262533}}, {"node_id": 36, "mlp_pred": 2, "mlp_max_prob": 0.9274353981018066, "mlp_margin": 0.8870113156735897, "was_uncertain": false, "final_pred": 2, "changed_from_mlp": false, "selected_threshold_high": 0.05, "selected_method_mode": "feature_first_selective_weighted_correction_v1", "winning_class_components": {"mlp_term": -0.07533213856859211, "feature_similarity_term": 0.30000035762786864, "feature_knn_term": 0.0, "graph_neighbor_term": 0.004621085661922843, "compatibility_term": 0.08373654716632943}}, {"node_id": 38, "mlp_pred": 3, "mlp_max_prob": 0.9937328696250916, "mlp_margin": 0.9904693472199142, "was_uncertain": false, "final_pred": 3, "changed_from_mlp": false, "selected_threshold_high": 0.05, "selected_method_mode": "feature_first_selective_weighted_correction_v1", "winning_class_components": {"mlp_term": -0.006286851275288794, "feature_similarity_term": 0.3626922011375427, "feature_knn_term": 0.0, "graph_neighbor_term": 0.014977234809507902, "compatibility_term": 0.10415821145601888}}, {"node_id": 39, "mlp_pred": 3, "mlp_max_prob": 0.5467230081558228, "mlp_margin": 0.21082380414009094, "was_uncertain": false, "final_pred": 3, "changed_from_mlp": false, "selected_threshold_high": 0.05, "selected_method_mode": "feature_first_selective_weighted_correction_v1",