{"dataset": "texas", "seed": 134201, "method": "selective_graph_correction", "selected_threshold_high": 0.05, "selected_weights": {"b1": 1.0, "b2": 0.6, "b3": 0.0, "b4": 0.5, "b5": 0.3}, "mode": "feature_first_selective_weighted_correction_v1", "feature_knn_used": false, "feature_knn_k": 5, "runtime_sec": {"mlp_training_runtime_sec": 0.0, "evidence_runtime_sec": 0.005314616020768881, "selection_runtime_sec": 0.0011158550041727722, "inference_runtime_sec": 5.973008228465915e-06, "selective_overhead_runtime_sec": 0.006436444033170119, "total_runtime_sec": 0.006436444033170119, "avg_runtime_overhead_over_mlp_sec": 0.006436444033170119}, "summary": {"val_acc_mlp": 0.847457627118644, "val_acc_selective": 0.864406779661017, "test_acc_mlp": 0.7837837837837838, "test_acc_selective": 0.7837837837837838, "val_fraction_uncertain": 0.03389830508474576, "test_fraction_uncertain": 0.02702702702702703, "val_fraction_changed_from_mlp": 0.01694915254237288, "test_fraction_changed_from_mlp": 0.02702702702702703, "acc_val_confident": 0.8771929824561403, "acc_val_uncertain": 0.5, "acc_test_confident": 0.8055555555555556, "acc_test_uncertain": 0.0}, "test_node_diagnostics": [{"node_id": 3, "mlp_pred": 3, "mlp_max_prob": 0.9006288051605225, "mlp_margin": 0.8658868856728077, "was_uncertain": false, "final_pred": 3, "changed_from_mlp": false, "selected_threshold_high": 0.05, "selected_method_mode": "feature_first_selective_weighted_correction_v1", "winning_class_components": {"mlp_term": -0.10466208721518296, "feature_similarity_term": 0.30000075101852414, "feature_knn_term": 0.0, "graph_neighbor_term": 0.0, "compatibility_term": 0.17746478873239435}}, {"node_id": 10, "mlp_pred": 3, "mlp_max_prob": 0.9998040795326233, "mlp_margin": 0.9997404190071393, "was_uncertain": false, "final_pred": 3, "changed_from_mlp": false, "selected_threshold_high": 0.05, "selected_method_mode": "feature_first_selective_weighted_correction_v1", "winning_class_components": {"mlp_term": -0.0001959396622986372, "feature_similarity_term": 0.36449031829833983, "feature_knn_term": 0.0, "graph_neighbor_term": 0.000387308652643728, "compatibility_term": 0.04227946755097094}}, {"node_id": 11, "mlp_pred": 3, "mlp_max_prob": 0.9554280042648315, "mlp_margin": 0.9196980595588684, "was_uncertain": false, "final_pred": 3, "changed_from_mlp": false, "selected_threshold_high": 0.05, "selected_method_mode": "feature_first_selective_weighted_correction_v1", "winning_class_components": {"mlp_term": -0.04559586689542441, "feature_similarity_term": 0.30000053644180297, "feature_knn_term": 0.0, "graph_neighbor_term": 0.10903231150080708, "compatibility_term": 0.08901987442934603}}, {"node_id": 17, "mlp_pred": 3, "mlp_max_prob": 0.9160305857658386, "mlp_margin": 0.8666124157607555, "was_uncertain": false, "final_pred": 3, "changed_from_mlp": false, "selected_threshold_high": 0.05, "selected_method_mode": "feature_first_selective_weighted_correction_v1", "winning_class_components": {"mlp_term": -0.08770552429139997, "feature_similarity_term": 0.3000006079673767, "feature_knn_term": 0.0, "graph_neighbor_term": 0.0, "compatibility_term": 0.10985915492957747}}, {"node_id": 23, "mlp_pred": 3, "mlp_max_prob": 0.9676006436347961, "mlp_margin": 0.9480013251304626, "was_uncertain": false, "final_pred": 3, "changed_from_mlp": false, "selected_threshold_high": 0.05, "selected_method_mode": "feature_first_selective_weighted_correction_v1", "winning_class_components": {"mlp_term": -0.032935835059636015, "feature_similarity_term": 0.3000005006790161, "feature_knn_term": 0.0, "graph_neighbor_term": 0.0010728670857225741, "compatibility_term": 0.07615874817133374}}, {"node_id": 28, "mlp_pred": 2, "mlp_max_prob": 0.7747763395309448, "mlp_margin": 0.6331522762775421, "was_uncertain": false, "final_pred": 2, "changed_from_mlp": false, "selected_threshold_high": 0.05, "selected_method_mode": "feature_first_selective_weighted_correction_v1", "winning_class_components": {"mlp_term": -0.25518088543371614, "feature_similarity_term": 0.31532156467437744, "feature_knn_term": 0.0, "graph_neighbor_term": 0.005660511934600592, "compatibility_term": 0.08032489026185993}}, {"node_id": 36, "mlp_pred": 2, "mlp_max_prob": 0.8581603765487671, "mlp_margin": 0.79395891726017, "was_uncertain": false, "final_pred": 2, "changed_from_mlp": false, "selected_threshold_high": 0.05, "selected_method_mode": "feature_first_selective_weighted_correction_v1", "winning_class_components": {"mlp_term": -0.15296427790685754, "feature_similarity_term": 0.30000035762786864, "feature_knn_term": 0.0, "graph_neighbor_term": 0.00020777310454888123, "compatibility_term": 0.08104636709630922}}, {"node_id": 44, "mlp_pred": 3, "mlp_max_prob": 0.7110111117362976, "mlp_margin": 0.4780965596437454, "was_uncertain": false, "final_pred": 3, "changed_from_mlp": false, "selected_threshold_high": 0.05, "selected_method_mode": "feature_first_selective_weighted_correction_v1", "winning_class_components": {"mlp_term": -0.3410672209799234, "feature_similarity_term": 0.3000006079673767, "feature_knn_term": 0.0, "graph_neighbor_term": 0.0, "compatibility_term": 0.10985915492957747}}, {"node_id": 45, "mlp_pred": 2, "mlp_max_prob": 0.8675145506858826, "mlp_margin": 0.7978994995355606, "was_uncertain": false, "final_pred": 2, "changed_from_mlp": false, "selected_threshold_high": 0.05, "selected_method_mode": "feature_first_selective_weighted_correction_v1", "winning_class_components": {"mlp_term": -0.1421229941768534, "feature_similarity_term": 0.30000003576278683, "feature_knn_term": 0.0, "graph_neighbor_term": 0.46659098886735645, "compatibility_term": 0.049978900469935826}}, {"node_id": 46, "mlp_pred": 2, "mlp_max_prob": 0.9730355143547058, "mlp_margin": 0.959799942560494, "was_uncertain": false, "final_pred": 2, "changed_from_mlp": false, "selected_threshold_high": 0.05, "selected_method_mode": "feature_first_selective_weighted_correction_v1", "winning_class_components": {"mlp_term": -0.02733469761156132, "feature_similarity_term": 0.3000008225440979, "feature_knn_term": 0.0, "graph_neighbor_term": 0.012726330399836987, "compatibility_term": 0.07136189924720762}}, {"node_id": 47, "mlp_pred": 2, "mlp_max_prob": 0.8449896574020386, "mlp_margin": 0.7297915667295456, "was_uncertain": false, "final_pred": 2, "changed_from_mlp": false, "selected_threshold_high": 0.05, "selected_method_mode": "feature_first_selective_weighted_correction_v1", "winning_class_components": {"mlp_term": -0.16843089146077078, "feature_similarity_term": 0.3333917140960693, "feature_knn_term": 0.0, "graph_neighbor_term": 0.18504538308840338, "compatibility_term": 0.059186893405538094}}, {"node_id": 55, "mlp_pred": 4, "mlp_max_prob": 0.4332877993583679, "mlp_margin": 0.03179237246513367, "was_uncertain": true, "final_pred": 2, "changed_from_mlp": true, "selected_threshold_high": 0.05, "selected_method_mode": "feature_first_selective_weighted_correction_v1", "winning_class_components": {"mlp_term": -0.912559135714399, "feature_similarity_term": 0.3000004291534424, "feature_knn_term": 0.0, "graph_neighbor_term": 0.25, "compatibility_term": 0.060810810810810814}}, {"node_id": 62, "mlp_pred": 3, "mlp_max_prob": 0.6654071807861328, "mlp_margin": 0.5157664865255356, "was_uncertain": false, "final_pred": 3, "changed_from_mlp": false, "selected_threshold_high": 0.05, "selected_method_mode": "feature_first_selective_weighted_correction_v1", "winning_class_components": {"mlp_term": -0.40735612377259284, "feature_similarity_term": 0.29999994635581967, "feature_knn_term": 0.0, "graph_neighbor_term": 0.0, "compatibility_term": 0.08732394366197183}}, {"node_id": 64, "mlp_pred": 3, "mlp_max_prob": 0.9456021785736084, "mlp_margin": 0.9053606428205967, "was_uncertain": false, "final_pred": 3, "changed_from_mlp": false, "selected_threshold_high": 0.05, "selected_method_mode": "feature_first_selective_weighted_correction_v1", "winning_class_components": {"mlp_term": -0.05593332842685703, "feature_similarity_term": 0.3000002861022949,