{"dataset": "texas", "seed": 134602, "method": "selective_graph_correction", "selected_threshold_high": 0.05, "selected_weights": {"b1": 1.0, "b2": 0.6, "b3": 0.0, "b4": 0.5, "b5": 0.3}, "mode": "feature_first_selective_weighted_correction_v1", "feature_knn_used": false, "feature_knn_k": 5, "runtime_sec": {"mlp_training_runtime_sec": 0.0, "evidence_runtime_sec": 0.005083753989310935, "selection_runtime_sec": 0.001145255024312064, "inference_runtime_sec": 5.837006028741598e-06, "selective_overhead_runtime_sec": 0.006234846019651741, "total_runtime_sec": 0.006234846019651741, "avg_runtime_overhead_over_mlp_sec": 0.006234846019651741}, "summary": {"val_acc_mlp": 0.8135593220338984, "val_acc_selective": 0.8135593220338984, "test_acc_mlp": 0.7567567567567568, "test_acc_selective": 0.7297297297297297, "val_fraction_uncertain": 0.01694915254237288, "test_fraction_uncertain": 0.05405405405405406, "val_fraction_changed_from_mlp": 0.0, "test_fraction_changed_from_mlp": 0.02702702702702703, "acc_val_confident": 0.8275862068965517, "acc_val_uncertain": 0.0, "acc_test_confident": 0.7714285714285715, "acc_test_uncertain": 0.0}, "test_node_diagnostics": [{"node_id": 8, "mlp_pred": 3, "mlp_max_prob": 0.9013656377792358, "mlp_margin": 0.8375363498926163, "was_uncertain": false, "final_pred": 3, "changed_from_mlp": false, "selected_threshold_high": 0.05, "selected_method_mode": "feature_first_selective_weighted_correction_v1", "winning_class_components": {"mlp_term": -0.10384429039825499, "feature_similarity_term": 0.30000075101852414, "feature_knn_term": 0.0, "graph_neighbor_term": 0.07019567524756273, "compatibility_term": 0.0538469600427764}}, {"node_id": 9, "mlp_pred": 0, "mlp_max_prob": 0.9358159303665161, "mlp_margin": 0.8844507448375225, "was_uncertain": false, "final_pred": 0, "changed_from_mlp": false, "selected_threshold_high": 0.05, "selected_method_mode": "feature_first_selective_weighted_correction_v1", "winning_class_components": {"mlp_term": -0.06633647743512024, "feature_similarity_term": 0.3185356020927429, "feature_knn_term": 0.0, "graph_neighbor_term": 0.08767741451136031, "compatibility_term": 0.09036867366615416}}, {"node_id": 14, "mlp_pred": 3, "mlp_max_prob": 0.7647622227668762, "mlp_margin": 0.6963135451078415, "was_uncertain": false, "final_pred": 3, "changed_from_mlp": false, "selected_threshold_high": 0.05, "selected_method_mode": "feature_first_selective_weighted_correction_v1", "winning_class_components": {"mlp_term": -0.268190313382702, "feature_similarity_term": 0.30000014305114747, "feature_knn_term": 0.0, "graph_neighbor_term": 0.0, "compatibility_term": 0.047058823529411764}}, {"node_id": 15, "mlp_pred": 4, "mlp_max_prob": 0.9923353791236877, "mlp_margin": 0.9893207265995443, "was_uncertain": false, "final_pred": 4, "changed_from_mlp": false, "selected_threshold_high": 0.05, "selected_method_mode": "feature_first_selective_weighted_correction_v1", "winning_class_components": {"mlp_term": -0.00769414504067229, "feature_similarity_term": 0.30000125169754027, "feature_knn_term": 0.0, "graph_neighbor_term": 0.05532056975930858, "compatibility_term": 0.08702133755414251}}, {"node_id": 30, "mlp_pred": 3, "mlp_max_prob": 0.9858952164649963, "mlp_margin": 0.9787964499555528, "was_uncertain": false, "final_pred": 3, "changed_from_mlp": false, "selected_threshold_high": 0.05, "selected_method_mode": "feature_first_selective_weighted_correction_v1", "winning_class_components": {"mlp_term": -0.014205201360375024, "feature_similarity_term": 0.32302533388137816, "feature_knn_term": 0.0, "graph_neighbor_term": 0.2094851407051675, "compatibility_term": 0.06498524573143907}}, {"node_id": 31, "mlp_pred": 3, "mlp_max_prob": 0.9789487719535828, "mlp_margin": 0.9694575984030962, "was_uncertain": false, "final_pred": 3, "changed_from_mlp": false, "selected_threshold_high": 0.05, "selected_method_mode": "feature_first_selective_weighted_correction_v1", "winning_class_components": {"mlp_term": -0.021275964732287263, "feature_similarity_term": 0.3000003933906555, "feature_knn_term": 0.0, "graph_neighbor_term": 0.03934536212294196, "compatibility_term": 0.08754833618956667}}, {"node_id": 33, "mlp_pred": 3, "mlp_max_prob": 0.9573615789413452, "mlp_margin": 0.9280194621533155, "was_uncertain": false, "final_pred": 3, "changed_from_mlp": false, "selected_threshold_high": 0.05, "selected_method_mode": "feature_first_selective_weighted_correction_v1", "winning_class_components": {"mlp_term": -0.04357413345218664, "feature_similarity_term": 0.3000008225440979, "feature_knn_term": 0.0, "graph_neighbor_term": 0.11803609135230464, "compatibility_term": 0.06264500699157378}}, {"node_id": 34, "mlp_pred": 4, "mlp_max_prob": 0.5013936758041382, "mlp_margin": 0.18203425407409668, "was_uncertain": false, "final_pred": 4, "changed_from_mlp": false, "selected_threshold_high": 0.05, "selected_method_mode": "feature_first_selective_weighted_correction_v1", "winning_class_components": {"mlp_term": -0.6903637064126028, "feature_similarity_term": 0.3000003218650818, "feature_knn_term": 0.0, "graph_neighbor_term": 0.03448346403134636, "compatibility_term": 0.08658891419364526}}, {"node_id": 48, "mlp_pred": 0, "mlp_max_prob": 0.884117841720581, "mlp_margin": 0.7988477721810341, "was_uncertain": false, "final_pred": 0, "changed_from_mlp": false, "selected_threshold_high": 0.05, "selected_method_mode": "feature_first_selective_weighted_correction_v1", "winning_class_components": {"mlp_term": -0.12316492011505129, "feature_similarity_term": 0.3000005722045898, "feature_knn_term": 0.0, "graph_neighbor_term": 0.03506335201947229, "compatibility_term": 0.1070085619778856}}, {"node_id": 61, "mlp_pred": 4, "mlp_max_prob": 0.31900593638420105, "mlp_margin": 0.13859166204929352, "was_uncertain": false, "final_pred": 4, "changed_from_mlp": false, "selected_threshold_high": 0.05, "selected_method_mode": "feature_first_selective_weighted_correction_v1", "winning_class_components": {"mlp_term": -1.1425455670155822, "feature_similarity_term": 0.30000007152557373, "feature_knn_term": 0.0, "graph_neighbor_term": 0.012480455845906863, "compatibility_term": 0.06727593600506132}}, {"node_id": 67, "mlp_pred": 3, "mlp_max_prob": 0.9998981952667236, "mlp_margin": 0.999864258661546, "was_uncertain": false, "final_pred": 3, "changed_from_mlp": false, "selected_threshold_high": 0.05, "selected_method_mode": "feature_first_selective_weighted_correction_v1", "winning_class_components": {"mlp_term": -0.00010180991572996111, "feature_similarity_term": 0.3498323321342468, "feature_knn_term": 0.0, "graph_neighbor_term": 0.24997454869345692, "compatibility_term": 0.08529328303104555}}, {"node_id": 69, "mlp_pred": 3, "mlp_max_prob": 0.9329527020454407, "mlp_margin": 0.8909260667860508, "was_uncertain": false, "final_pred": 3, "changed_from_mlp": false, "selected_threshold_high": 0.05, "selected_method_mode": "feature_first_selective_weighted_correction_v1", "winning_class_components": {"mlp_term": -0.0694007739048603, "feature_similarity_term": 0.3000010013580322, "feature_knn_term": 0.0, "graph_neighbor_term": 0.11803609135230464, "compatibility_term": 0.06264500699157378}}, {"node_id": 70, "mlp_pred": 0, "mlp_max_prob": 0.6369931697845459, "mlp_margin": 0.3513035774230957, "was_uncertain": false, "final_pred": 0, "changed_from_mlp": false, "selected_threshold_high": 0.05, "selected_method_mode": "feature_first_selective_weighted_correction_v1", "winning_class_components": {"mlp_term": -0.4509963459407002, "feature_similarity_term": 0.29697375297546386, "feature_knn_term": 0.0, "graph_neighbor_term": 0.011181821369735162, "compatibility_term": 0.024744561182586652}}, {"node_id": 71, "mlp_pred": 0, "mlp_max_prob": 0.6701236963272095, "mlp_margin": 0.39980390667915344, "was_uncertain": false, "final_pred": 0, "changed_from_mlp": false, "selected_threshold_high": 0.05, "selected_method_mode": "feature_first_selective_weighted_correction_v1", "winning_class_components": {"mlp_term": -0.40029296225366096,