{"dataset": "texas", "seed": 134402, "method": "selective_graph_correction", "selected_threshold_high": 0.05, "selected_weights": {"b1": 1.0, "b2": 0.6, "b3": 0.0, "b4": 0.5, "b5": 0.3}, "mode": "feature_first_selective_weighted_correction_v1", "feature_knn_used": false, "feature_knn_k": 5, "runtime_sec": {"mlp_training_runtime_sec": 0.0, "evidence_runtime_sec": 0.004995252995286137, "selection_runtime_sec": 0.0011134310043416917, "inference_runtime_sec": 6.072979886084795e-06, "selective_overhead_runtime_sec": 0.006114756979513913, "total_runtime_sec": 0.006114756979513913, "avg_runtime_overhead_over_mlp_sec": 0.006114756979513913}, "summary": {"val_acc_mlp": 0.7627118644067796, "val_acc_selective": 0.7288135593220338, "test_acc_mlp": 0.6756756756756757, "test_acc_selective": 0.7027027027027027, "val_fraction_uncertain": 0.05084745762711865, "test_fraction_uncertain": 0.05405405405405406, "val_fraction_changed_from_mlp": 0.03389830508474576, "test_fraction_changed_from_mlp": 0.02702702702702703, "acc_val_confident": 0.7678571428571429, "acc_val_uncertain": 0.0, "acc_test_confident": 0.7142857142857143, "acc_test_uncertain": 0.5}, "test_node_diagnostics": [{"node_id": 0, "mlp_pred": 0, "mlp_max_prob": 0.8365283012390137, "mlp_margin": 0.7680514082312584, "was_uncertain": false, "final_pred": 0, "changed_from_mlp": false, "selected_threshold_high": 0.05, "selected_method_mode": "feature_first_selective_weighted_correction_v1", "winning_class_components": {"mlp_term": -0.17849492620586488, "feature_similarity_term": 0.29999996423721315, "feature_knn_term": 0.0, "graph_neighbor_term": 0.3924800298394251, "compatibility_term": 0.02822589196769249}}, {"node_id": 14, "mlp_pred": 3, "mlp_max_prob": 0.7156093120574951, "mlp_margin": 0.5877519994974136, "was_uncertain": false, "final_pred": 3, "changed_from_mlp": false, "selected_threshold_high": 0.05, "selected_method_mode": "feature_first_selective_weighted_correction_v1", "winning_class_components": {"mlp_term": -0.3346209144955508, "feature_similarity_term": 0.30000025033950806, "feature_knn_term": 0.0, "graph_neighbor_term": 0.0, "compatibility_term": 0.1618421052631579}}, {"node_id": 20, "mlp_pred": 0, "mlp_max_prob": 0.9984558820724487, "mlp_margin": 0.9978358413791284, "was_uncertain": false, "final_pred": 0, "changed_from_mlp": false, "selected_threshold_high": 0.05, "selected_method_mode": "feature_first_selective_weighted_correction_v1", "winning_class_components": {"mlp_term": -0.0015453113062748897, "feature_similarity_term": 0.30000135898590086, "feature_knn_term": 0.0, "graph_neighbor_term": 0.00019840842163948685, "compatibility_term": 0.14675723536975246}}, {"node_id": 25, "mlp_pred": 4, "mlp_max_prob": 0.46733739972114563, "mlp_margin": 0.18334272503852844, "was_uncertain": false, "final_pred": 4, "changed_from_mlp": false, "selected_threshold_high": 0.05, "selected_method_mode": "feature_first_selective_weighted_correction_v1", "winning_class_components": {"mlp_term": -0.7607037988357661, "feature_similarity_term": 0.3232367992401123, "feature_knn_term": 0.0, "graph_neighbor_term": 0.0, "compatibility_term": 0.07692307692307691}}, {"node_id": 29, "mlp_pred": 2, "mlp_max_prob": 0.705288290977478, "mlp_margin": 0.5317429602146149, "was_uncertain": false, "final_pred": 2, "changed_from_mlp": false, "selected_threshold_high": 0.05, "selected_method_mode": "feature_first_selective_weighted_correction_v1", "winning_class_components": {"mlp_term": -0.3491486363839352, "feature_similarity_term": 0.3000002861022949, "feature_knn_term": 0.0, "graph_neighbor_term": 0.0005806989473074713, "compatibility_term": 0.09062793334164145}}, {"node_id": 30, "mlp_pred": 3, "mlp_max_prob": 0.6611184477806091, "mlp_margin": 0.499181866645813, "was_uncertain": false, "final_pred": 3, "changed_from_mlp": false, "selected_threshold_high": 0.05, "selected_method_mode": "feature_first_selective_weighted_correction_v1", "winning_class_components": {"mlp_term": -0.4138222603569833, "feature_similarity_term": 0.3000003218650818, "feature_knn_term": 0.0, "graph_neighbor_term": 0.17188523369261108, "compatibility_term": 0.09889331952903745}}, {"node_id": 34, "mlp_pred": 4, "mlp_max_prob": 0.8111903071403503, "mlp_margin": 0.7109543085098267, "was_uncertain": false, "final_pred": 4, "changed_from_mlp": false, "selected_threshold_high": 0.05, "selected_method_mode": "feature_first_selective_weighted_correction_v1", "winning_class_components": {"mlp_term": -0.20925259500808704, "feature_similarity_term": 0.30000025033950806, "feature_knn_term": 0.0, "graph_neighbor_term": 0.052515725426872335, "compatibility_term": 0.08274425796218089}}, {"node_id": 36, "mlp_pred": 2, "mlp_max_prob": 0.886716902256012, "mlp_margin": 0.8317297920584679, "was_uncertain": false, "final_pred": 2, "changed_from_mlp": false, "selected_threshold_high": 0.05, "selected_method_mode": "feature_first_selective_weighted_correction_v1", "winning_class_components": {"mlp_term": -0.1202295107997183, "feature_similarity_term": 0.3000003218650818, "feature_knn_term": 0.0, "graph_neighbor_term": 0.00013321529173032873, "compatibility_term": 0.09138566819549739}}, {"node_id": 37, "mlp_pred": 3, "mlp_max_prob": 0.908322811126709, "mlp_margin": 0.8649912215769291, "was_uncertain": false, "final_pred": 3, "changed_from_mlp": false, "selected_threshold_high": 0.05, "selected_method_mode": "feature_first_selective_weighted_correction_v1", "winning_class_components": {"mlp_term": -0.09615544470068563, "feature_similarity_term": 0.3000002861022949, "feature_knn_term": 0.0, "graph_neighbor_term": 0.0004179577949688283, "compatibility_term": 0.103115021335293}}, {"node_id": 50, "mlp_pred": 0, "mlp_max_prob": 0.9992886781692505, "mlp_margin": 0.9990255734010134, "was_uncertain": false, "final_pred": 0, "changed_from_mlp": false, "selected_threshold_high": 0.05, "selected_method_mode": "feature_first_selective_weighted_correction_v1", "winning_class_components": {"mlp_term": -0.0007115749401582451, "feature_similarity_term": 0.3000008225440979, "feature_knn_term": 0.0, "graph_neighbor_term": 0.028399001786893335, "compatibility_term": 0.12717394569822452}}, {"node_id": 52, "mlp_pred": 0, "mlp_max_prob": 0.8948702812194824, "mlp_margin": 0.8554303050041199, "was_uncertain": false, "final_pred": 0, "changed_from_mlp": false, "selected_threshold_high": 0.05, "selected_method_mode": "feature_first_selective_weighted_correction_v1", "winning_class_components": {"mlp_term": -0.1110765083966263, "feature_similarity_term": 0.3000003218650818, "feature_knn_term": 0.0, "graph_neighbor_term": 0.5, "compatibility_term": 0.017391304347826087}}, {"node_id": 53, "mlp_pred": 4, "mlp_max_prob": 0.4083617627620697, "mlp_margin": 0.011831700801849365, "was_uncertain": true, "final_pred": 3, "changed_from_mlp": true, "selected_threshold_high": 0.05, "selected_method_mode": "feature_first_selective_weighted_correction_v1", "winning_class_components": {"mlp_term": -0.9250034224705271, "feature_similarity_term": 0.30000007152557373, "feature_knn_term": 0.0, "graph_neighbor_term": 0.25, "compatibility_term": 0.0888157894736842}}, {"node_id": 58, "mlp_pred": 0, "mlp_max_prob": 0.5699201822280884, "mlp_margin": 0.26695069670677185, "was_uncertain": false, "final_pred": 0, "changed_from_mlp": false, "selected_threshold_high": 0.05, "selected_method_mode": "feature_first_selective_weighted_correction_v1", "winning_class_components": {"mlp_term": -0.5622589591376145, "feature_similarity_term": 0.3000005006790161, "feature_knn_term": 0.0, "graph_neighbor_term": 0.129786784929192, "compatibility_term": 0.11977314062069225}}, {"node_id": 61, "mlp_pred": 4, "mlp_max_prob": 0.7827326059341431, "mlp_margin": 0.6985005289316177, "was_uncertain": false, "final_pred": 4, "changed_from_mlp": false, "selected_threshold_high": 0.05, "selected_method_mode": "feature_first_selective_weighted_correction_v1", "winning_class_components": {"mlp_term": -0.2449641407610873,