{"dataset": "cornell", "seed": 134100, "method": "selective_graph_correction", "selected_threshold_high": 0.05, "selected_weights": {"b1": 1.0, "b2": 0.6, "b3": 0.0, "b4": 0.5, "b5": 0.3}, "mode": "feature_first_selective_weighted_correction_v1", "feature_knn_used": false, "feature_knn_k": 5, "runtime_sec": {"mlp_training_runtime_sec": 0.0, "evidence_runtime_sec": 0.00870579807087779, "selection_runtime_sec": 0.0022505339002236724, "inference_runtime_sec": 1.0470044799149036e-05, "selective_overhead_runtime_sec": 0.010966802015900612, "total_runtime_sec": 0.010966802015900612, "avg_runtime_overhead_over_mlp_sec": 0.010966802015900612}, "summary": {"val_acc_mlp": 0.6779661016949152, "val_acc_selective": 0.6779661016949152, "test_acc_mlp": 0.8108108108108109, "test_acc_selective": 0.7837837837837838, "val_fraction_uncertain": 0.0847457627118644, "test_fraction_uncertain": 0.02702702702702703, "val_fraction_changed_from_mlp": 0.01694915254237288, "test_fraction_changed_from_mlp": 0.02702702702702703, "acc_val_confident": 0.7407407407407407, "acc_val_uncertain": 0.0, "acc_test_confident": 0.8055555555555556, "acc_test_uncertain": 0.0}, "test_node_diagnostics": [{"node_id": 6, "mlp_pred": 4, "mlp_max_prob": 0.836784839630127, "mlp_margin": 0.7824903950095177, "was_uncertain": false, "final_pred": 4, "changed_from_mlp": false, "selected_threshold_high": 0.05, "selected_method_mode": "feature_first_selective_weighted_correction_v1", "winning_class_components": {"mlp_term": -0.17818830291240295, "feature_similarity_term": 0.30000096559524536, "feature_knn_term": 0.0, "graph_neighbor_term": 0.25242524366889246, "compatibility_term": 0.073261676045328}}, {"node_id": 7, "mlp_pred": 2, "mlp_max_prob": 0.9493127465248108, "mlp_margin": 0.9206100888550282, "was_uncertain": false, "final_pred": 2, "changed_from_mlp": false, "selected_threshold_high": 0.05, "selected_method_mode": "feature_first_selective_weighted_correction_v1", "winning_class_components": {"mlp_term": -0.0520169808962004, "feature_similarity_term": 0.30000096559524536, "feature_knn_term": 0.0, "graph_neighbor_term": 0.12355888091240116, "compatibility_term": 0.09057519535482013}}, {"node_id": 12, "mlp_pred": 2, "mlp_max_prob": 0.4942355155944824, "mlp_margin": 0.10465604066848755, "was_uncertain": false, "final_pred": 2, "changed_from_mlp": false, "selected_threshold_high": 0.05, "selected_method_mode": "feature_first_selective_weighted_correction_v1", "winning_class_components": {"mlp_term": -0.7047431231888928, "feature_similarity_term": 0.30000053644180297, "feature_knn_term": 0.0, "graph_neighbor_term": 0.4746563686207944, "compatibility_term": 0.020674292152498323}}, {"node_id": 14, "mlp_pred": 3, "mlp_max_prob": 0.8358569145202637, "mlp_margin": 0.7832785807549953, "was_uncertain": false, "final_pred": 3, "changed_from_mlp": false, "selected_threshold_high": 0.05, "selected_method_mode": "feature_first_selective_weighted_correction_v1", "winning_class_components": {"mlp_term": -0.17929783542617078, "feature_similarity_term": 0.3000011086463928, "feature_knn_term": 0.0, "graph_neighbor_term": 0.0, "compatibility_term": 0.17500000000000002}}, {"node_id": 25, "mlp_pred": 0, "mlp_max_prob": 0.9162658452987671, "mlp_margin": 0.8767606504261494, "was_uncertain": false, "final_pred": 0, "changed_from_mlp": false, "selected_threshold_high": 0.05, "selected_method_mode": "feature_first_selective_weighted_correction_v1", "winning_class_components": {"mlp_term": -0.0874487322895899, "feature_similarity_term": 0.32817378044128415, "feature_knn_term": 0.0, "graph_neighbor_term": 0.002973710450074463, "compatibility_term": 0.15451810901180454}}, {"node_id": 26, "mlp_pred": 3, "mlp_max_prob": 0.8937276601791382, "mlp_margin": 0.8237591609358788, "was_uncertain": false, "final_pred": 3, "changed_from_mlp": false, "selected_threshold_high": 0.05, "selected_method_mode": "feature_first_selective_weighted_correction_v1", "winning_class_components": {"mlp_term": -0.11235418089007643, "feature_similarity_term": 0.30000078678131104, "feature_knn_term": 0.0, "graph_neighbor_term": 0.0, "compatibility_term": 0.10178571428571428}}, {"node_id": 30, "mlp_pred": 3, "mlp_max_prob": 0.8609658479690552, "mlp_margin": 0.7854288592934608, "was_uncertain": false, "final_pred": 3, "changed_from_mlp": false, "selected_threshold_high": 0.05, "selected_method_mode": "feature_first_selective_weighted_correction_v1", "winning_class_components": {"mlp_term": -0.14970044088227166, "feature_similarity_term": 0.30000075101852414, "feature_knn_term": 0.0, "graph_neighbor_term": 0.006947583244659815, "compatibility_term": 0.17013008150120615}}, {"node_id": 34, "mlp_pred": 3, "mlp_max_prob": 0.9962807297706604, "mlp_margin": 0.9944447391899303, "was_uncertain": false, "final_pred": 3, "changed_from_mlp": false, "selected_threshold_high": 0.05, "selected_method_mode": "feature_first_selective_weighted_correction_v1", "winning_class_components": {"mlp_term": -0.0037262039123587, "feature_similarity_term": 0.30000092983245846, "feature_knn_term": 0.0, "graph_neighbor_term": 0.0, "compatibility_term": 0.17500000000000002}}, {"node_id": 38, "mlp_pred": 3, "mlp_max_prob": 0.551261842250824, "mlp_margin": 0.29319462180137634, "was_uncertain": false, "final_pred": 3, "changed_from_mlp": false, "selected_threshold_high": 0.05, "selected_method_mode": "feature_first_selective_weighted_correction_v1", "winning_class_components": {"mlp_term": -0.5955453699106505, "feature_similarity_term": 0.3683229088783264, "feature_knn_term": 0.0, "graph_neighbor_term": 0.08698197875239035, "compatibility_term": 0.04478963130006077}}, {"node_id": 40, "mlp_pred": 3, "mlp_max_prob": 0.46416720747947693, "mlp_margin": 0.007101953029632568, "was_uncertain": true, "final_pred": 0, "changed_from_mlp": true, "selected_threshold_high": 0.05, "selected_method_mode": "feature_first_selective_weighted_correction_v1", "winning_class_components": {"mlp_term": -0.78292910955076, "feature_similarity_term": 0.2999998390674591, "feature_knn_term": 0.0, "graph_neighbor_term": 0.5, "compatibility_term": 0.06}}, {"node_id": 43, "mlp_pred": 2, "mlp_max_prob": 0.8934526443481445, "mlp_margin": 0.8366864398121834, "was_uncertain": false, "final_pred": 2, "changed_from_mlp": false, "selected_threshold_high": 0.05, "selected_method_mode": "feature_first_selective_weighted_correction_v1", "winning_class_components": {"mlp_term": -0.11266194595716872, "feature_similarity_term": 0.3000008583068848, "feature_knn_term": 0.0, "graph_neighbor_term": 0.16666666666666666, "compatibility_term": 0.09999999999999999}}, {"node_id": 62, "mlp_pred": 0, "mlp_max_prob": 0.9990328550338745, "mlp_margin": 0.9984673047438264, "was_uncertain": false, "final_pred": 0, "changed_from_mlp": false, "selected_threshold_high": 0.05, "selected_method_mode": "feature_first_selective_weighted_correction_v1", "winning_class_components": {"mlp_term": -0.0009676129525830685, "feature_similarity_term": 0.3464613676071167, "feature_knn_term": 0.0, "graph_neighbor_term": 0.0, "compatibility_term": 0.1633333333333333}}, {"node_id": 64, "mlp_pred": 0, "mlp_max_prob": 0.9971463084220886, "mlp_margin": 0.99593959399499, "was_uncertain": false, "final_pred": 0, "changed_from_mlp": false, "selected_threshold_high": 0.05, "selected_method_mode": "feature_first_selective_weighted_correction_v1", "winning_class_components": {"mlp_term": -0.0028577711187383103, "feature_similarity_term": 0.30000096559524536, "feature_knn_term": 0.0, "graph_neighbor_term": 0.03904817596787083, "compatibility_term": 0.05256559278146231}}, {"node_id": 77, "mlp_pred": 2, "mlp_max_prob": 0.5645766258239746, "mlp_margin": 0.38081322610378265, "was_uncertain": false, "final_pred": 2, "changed_from_mlp": false, "selected_threshold_high": 0.05, "selected_method_mode": "feature_first_selective_weighted_correction_v1", "winning_class_components": {"mlp_term": -0.5716791635521897, "feature_similarity_term": 0.29999964237213134, "feature_knn_term": 0.0,