{"dataset": "cornell", "seed": 134202, "method": "selective_graph_correction", "selected_threshold_high": 0.05, "selected_weights": {"b1": 1.0, "b2": 0.6, "b3": 0.0, "b4": 0.5, "b5": 0.3}, "mode": "feature_first_selective_weighted_correction_v1", "feature_knn_used": false, "feature_knn_k": 5, "runtime_sec": {"mlp_training_runtime_sec": 0.0, "evidence_runtime_sec": 0.008676151046529412, "selection_runtime_sec": 0.0020986300660297275, "inference_runtime_sec": 1.0519986972212791e-05, "selective_overhead_runtime_sec": 0.010785301099531353, "total_runtime_sec": 0.010785301099531353, "avg_runtime_overhead_over_mlp_sec": 0.010785301099531353}, "summary": {"val_acc_mlp": 0.7796610169491526, "val_acc_selective": 0.7796610169491526, "test_acc_mlp": 0.5675675675675675, "test_acc_selective": 0.5945945945945946, "val_fraction_uncertain": 0.06779661016949153, "test_fraction_uncertain": 0.10810810810810811, "val_fraction_changed_from_mlp": 0.0, "test_fraction_changed_from_mlp": 0.02702702702702703, "acc_val_confident": 0.7818181818181819, "acc_val_uncertain": 0.75, "acc_test_confident": 0.6363636363636364, "acc_test_uncertain": 0.25}, "test_node_diagnostics": [{"node_id": 5, "mlp_pred": 2, "mlp_max_prob": 0.9622641801834106, "mlp_margin": 0.9478977024555206, "was_uncertain": false, "final_pred": 2, "changed_from_mlp": false, "selected_threshold_high": 0.05, "selected_method_mode": "feature_first_selective_weighted_correction_v1", "winning_class_components": {"mlp_term": -0.038466250441114874, "feature_similarity_term": 0.3000008940696716, "feature_knn_term": 0.0, "graph_neighbor_term": 0.20872422640491167, "compatibility_term": 0.05465251522625696}}, {"node_id": 13, "mlp_pred": 3, "mlp_max_prob": 0.9892878532409668, "mlp_margin": 0.9833016167394817, "was_uncertain": false, "final_pred": 3, "changed_from_mlp": false, "selected_threshold_high": 0.05, "selected_method_mode": "feature_first_selective_weighted_correction_v1", "winning_class_components": {"mlp_term": -0.010769934863415626, "feature_similarity_term": 0.300001323223114, "feature_knn_term": 0.0, "graph_neighbor_term": 0.1716843014280348, "compatibility_term": 0.13522603780225403}}, {"node_id": 17, "mlp_pred": 2, "mlp_max_prob": 0.8541935682296753, "mlp_margin": 0.7946045510470867, "was_uncertain": false, "final_pred": 2, "changed_from_mlp": false, "selected_threshold_high": 0.05, "selected_method_mode": "feature_first_selective_weighted_correction_v1", "winning_class_components": {"mlp_term": -0.1575974501867343, "feature_similarity_term": 0.3000001788139343, "feature_knn_term": 0.0, "graph_neighbor_term": 0.0, "compatibility_term": 0.15517241379310345}}, {"node_id": 20, "mlp_pred": 3, "mlp_max_prob": 0.5414484143257141, "mlp_margin": 0.10792586207389832, "was_uncertain": false, "final_pred": 3, "changed_from_mlp": false, "selected_threshold_high": 0.05, "selected_method_mode": "feature_first_selective_weighted_correction_v1", "winning_class_components": {"mlp_term": -0.6135074814821466, "feature_similarity_term": 0.3000010371208191, "feature_knn_term": 0.0, "graph_neighbor_term": 0.2903413701987823, "compatibility_term": 0.05034168984295941}}, {"node_id": 22, "mlp_pred": 2, "mlp_max_prob": 0.6954545378684998, "mlp_margin": 0.5679070502519608, "was_uncertain": false, "final_pred": 2, "changed_from_mlp": false, "selected_threshold_high": 0.05, "selected_method_mode": "feature_first_selective_weighted_correction_v1", "winning_class_components": {"mlp_term": -0.3631896358679657, "feature_similarity_term": 0.30000035762786864, "feature_knn_term": 0.0, "graph_neighbor_term": 0.1746804249437201, "compatibility_term": 0.0385291120682339}}, {"node_id": 26, "mlp_pred": 3, "mlp_max_prob": 0.9968955516815186, "mlp_margin": 0.9947962486185133, "was_uncertain": false, "final_pred": 3, "changed_from_mlp": false, "selected_threshold_high": 0.05, "selected_method_mode": "feature_first_selective_weighted_correction_v1", "winning_class_components": {"mlp_term": -0.003109277114584201, "feature_similarity_term": 0.30000135898590086, "feature_knn_term": 0.0, "graph_neighbor_term": 0.0, "compatibility_term": 0.0984375}}, {"node_id": 27, "mlp_pred": 2, "mlp_max_prob": 0.9192565083503723, "mlp_margin": 0.8781554996967316, "was_uncertain": false, "final_pred": 2, "changed_from_mlp": false, "selected_threshold_high": 0.05, "selected_method_mode": "feature_first_selective_weighted_correction_v1", "winning_class_components": {"mlp_term": -0.08419007876014359, "feature_similarity_term": 0.30000067949295045, "feature_knn_term": 0.0, "graph_neighbor_term": 0.013469169417266344, "compatibility_term": 0.06782880056357832}}, {"node_id": 29, "mlp_pred": 4, "mlp_max_prob": 0.4973994493484497, "mlp_margin": 0.08159926533699036, "was_uncertain": false, "final_pred": 4, "changed_from_mlp": false, "selected_threshold_high": 0.05, "selected_method_mode": "feature_first_selective_weighted_correction_v1", "winning_class_components": {"mlp_term": -0.6983618546732572, "feature_similarity_term": 0.3000004291534424, "feature_knn_term": 0.0, "graph_neighbor_term": 0.25, "compatibility_term": 0.06666666666666667}}, {"node_id": 33, "mlp_pred": 0, "mlp_max_prob": 0.9824753999710083, "mlp_margin": 0.9767102496698499, "was_uncertain": false, "final_pred": 0, "changed_from_mlp": false, "selected_threshold_high": 0.05, "selected_method_mode": "feature_first_selective_weighted_correction_v1", "winning_class_components": {"mlp_term": -0.01767997374962867, "feature_similarity_term": 0.3000010371208191, "feature_knn_term": 0.0, "graph_neighbor_term": 0.5, "compatibility_term": 0.048}}, {"node_id": 34, "mlp_pred": 3, "mlp_max_prob": 0.9543169140815735, "mlp_margin": 0.9391323812305927, "was_uncertain": false, "final_pred": 3, "changed_from_mlp": false, "selected_threshold_high": 0.05, "selected_method_mode": "feature_first_selective_weighted_correction_v1", "winning_class_components": {"mlp_term": -0.04675946764435065, "feature_similarity_term": 0.3000005722045898, "feature_knn_term": 0.0, "graph_neighbor_term": 0.0, "compatibility_term": 0.1734375}}, {"node_id": 49, "mlp_pred": 4, "mlp_max_prob": 0.5541315674781799, "mlp_margin": 0.24372732639312744, "was_uncertain": false, "final_pred": 4, "changed_from_mlp": false, "selected_threshold_high": 0.05, "selected_method_mode": "feature_first_selective_weighted_correction_v1", "winning_class_components": {"mlp_term": -0.5903531340075824, "feature_similarity_term": 0.2961385130882263, "feature_knn_term": 0.0, "graph_neighbor_term": 0.0007566001688596432, "compatibility_term": 0.06657363771701755}}, {"node_id": 50, "mlp_pred": 0, "mlp_max_prob": 0.40332645177841187, "mlp_margin": 0.04143702983856201, "was_uncertain": true, "final_pred": 0, "changed_from_mlp": false, "selected_threshold_high": 0.05, "selected_method_mode": "feature_first_selective_weighted_correction_v1", "winning_class_components": {"mlp_term": -0.9080089909114294, "feature_similarity_term": 0.29999976754188534, "feature_knn_term": 0.0, "graph_neighbor_term": 0.4712821472469519, "compatibility_term": 0.05344220665789141}}, {"node_id": 52, "mlp_pred": 0, "mlp_max_prob": 0.983953058719635, "mlp_margin": 0.9732385398820043, "was_uncertain": false, "final_pred": 0, "changed_from_mlp": false, "selected_threshold_high": 0.05, "selected_method_mode": "feature_first_selective_weighted_correction_v1", "winning_class_components": {"mlp_term": -0.01617708762099847, "feature_similarity_term": 0.30000075101852414, "feature_knn_term": 0.0, "graph_neighbor_term": 0.0011210285171945932, "compatibility_term": 0.05992970822945576}}, {"node_id": 55, "mlp_pred": 3, "mlp_max_prob": 0.7135381698608398, "mlp_margin": 0.610534317791462, "was_uncertain": false, "final_pred": 3, "changed_from_mlp": false, "selected_threshold_high": 0.05, "selected_method_mode": "feature_first_selective_weighted_correction_v1", "winning_class_components": {"mlp_term": -0.33751934684464835, "feature_similarity_term": 0.3000008583068848, "feature_knn_term": 0.0, "graph_neighbor_term": 0.0,