{"dataset": "cornell", "seed": 133702, "method": "selective_graph_correction", "selected_threshold_high": 0.05, "selected_weights": {"b1": 1.0, "b2": 0.6, "b3": 0.0, "b4": 0.5, "b5": 0.3}, "mode": "feature_first_selective_weighted_correction_v1", "feature_knn_used": false, "feature_knn_k": 5, "runtime_sec": {"mlp_training_runtime_sec": 0.0, "evidence_runtime_sec": 0.009379298076964915, "selection_runtime_sec": 0.0021325339330360293, "inference_runtime_sec": 1.0529998689889908e-05, "selective_overhead_runtime_sec": 0.011522362008690834, "total_runtime_sec": 0.011522362008690834, "avg_runtime_overhead_over_mlp_sec": 0.011522362008690834}, "summary": {"val_acc_mlp": 0.7796610169491526, "val_acc_selective": 0.7796610169491526, "test_acc_mlp": 0.7837837837837838, "test_acc_selective": 0.8108108108108109, "val_fraction_uncertain": 0.03389830508474576, "test_fraction_uncertain": 0.02702702702702703, "val_fraction_changed_from_mlp": 0.0, "test_fraction_changed_from_mlp": 0.02702702702702703, "acc_val_confident": 0.7894736842105263, "acc_val_uncertain": 0.5, "acc_test_confident": 0.8055555555555556, "acc_test_uncertain": 1.0}, "test_node_diagnostics": [{"node_id": 0, "mlp_pred": 3, "mlp_max_prob": 0.8270362615585327, "mlp_margin": 0.7173949554562569, "was_uncertain": false, "final_pred": 3, "changed_from_mlp": false, "selected_threshold_high": 0.05, "selected_method_mode": "feature_first_selective_weighted_correction_v1", "winning_class_components": {"mlp_term": -0.18990673781144005, "feature_similarity_term": 0.36014206409454347, "feature_knn_term": 0.0, "graph_neighbor_term": 0.0004171488250307605, "compatibility_term": 0.06234687769300937}}, {"node_id": 3, "mlp_pred": 3, "mlp_max_prob": 0.7736786603927612, "mlp_margin": 0.5706284642219543, "was_uncertain": false, "final_pred": 3, "changed_from_mlp": false, "selected_threshold_high": 0.05, "selected_method_mode": "feature_first_selective_weighted_correction_v1", "winning_class_components": {"mlp_term": -0.2565986590494898, "feature_similarity_term": 0.30000035762786864, "feature_knn_term": 0.0, "graph_neighbor_term": 0.0291626554967242, "compatibility_term": 0.08849494320272461}}, {"node_id": 13, "mlp_pred": 3, "mlp_max_prob": 0.9687491059303284, "mlp_margin": 0.9438112489879131, "was_uncertain": false, "final_pred": 3, "changed_from_mlp": false, "selected_threshold_high": 0.05, "selected_method_mode": "feature_first_selective_weighted_correction_v1", "winning_class_components": {"mlp_term": -0.03174962122563496, "feature_similarity_term": 0.30000207424163816, "feature_knn_term": 0.0, "graph_neighbor_term": 0.04525792026149491, "compatibility_term": 0.09190793459806662}}, {"node_id": 16, "mlp_pred": 2, "mlp_max_prob": 0.6678670644760132, "mlp_margin": 0.5086324363946915, "was_uncertain": false, "final_pred": 2, "changed_from_mlp": false, "selected_threshold_high": 0.05, "selected_method_mode": "feature_first_selective_weighted_correction_v1", "winning_class_components": {"mlp_term": -0.403666130525098, "feature_similarity_term": 0.30000067949295045, "feature_knn_term": 0.0, "graph_neighbor_term": 0.04002915054635724, "compatibility_term": 0.07264967203841}}, {"node_id": 29, "mlp_pred": 2, "mlp_max_prob": 0.45521122217178345, "mlp_margin": 0.19191670417785645, "was_uncertain": false, "final_pred": 2, "changed_from_mlp": false, "selected_threshold_high": 0.05, "selected_method_mode": "feature_first_selective_weighted_correction_v1", "winning_class_components": {"mlp_term": -0.7869937431966986, "feature_similarity_term": 0.3000008940696716, "feature_knn_term": 0.0, "graph_neighbor_term": 0.020014575012218254, "compatibility_term": 0.06965816931353358}}, {"node_id": 38, "mlp_pred": 3, "mlp_max_prob": 0.6265500783920288, "mlp_margin": 0.46399620175361633, "was_uncertain": false, "final_pred": 3, "changed_from_mlp": false, "selected_threshold_high": 0.05, "selected_method_mode": "feature_first_selective_weighted_correction_v1", "winning_class_components": {"mlp_term": -0.4675265742538948, "feature_similarity_term": 0.3000011086463928, "feature_knn_term": 0.0, "graph_neighbor_term": 0.07946146090862596, "compatibility_term": 0.05677442587763628}}, {"node_id": 41, "mlp_pred": 0, "mlp_max_prob": 0.4598879814147949, "mlp_margin": 0.2456340342760086, "was_uncertain": false, "final_pred": 0, "changed_from_mlp": false, "selected_threshold_high": 0.05, "selected_method_mode": "feature_first_selective_weighted_correction_v1", "winning_class_components": {"mlp_term": -0.77677233781797, "feature_similarity_term": 0.3116906762123108, "feature_knn_term": 0.0, "graph_neighbor_term": 0.31649794993272357, "compatibility_term": 0.03969707510308455}}, {"node_id": 45, "mlp_pred": 3, "mlp_max_prob": 0.9824954271316528, "mlp_margin": 0.9744799826294184, "was_uncertain": false, "final_pred": 3, "changed_from_mlp": false, "selected_threshold_high": 0.05, "selected_method_mode": "feature_first_selective_weighted_correction_v1", "winning_class_components": {"mlp_term": -0.017659589568480544, "feature_similarity_term": 0.3000011086463928, "feature_knn_term": 0.0, "graph_neighbor_term": 0.08070008667148876, "compatibility_term": 0.08369933897389811}}, {"node_id": 51, "mlp_pred": 0, "mlp_max_prob": 0.998444139957428, "mlp_margin": 0.9975646209786646, "was_uncertain": false, "final_pred": 0, "changed_from_mlp": false, "selected_threshold_high": 0.05, "selected_method_mode": "feature_first_selective_weighted_correction_v1", "winning_class_components": {"mlp_term": -0.0015570716496985442, "feature_similarity_term": 0.30000121593475343, "feature_knn_term": 0.0, "graph_neighbor_term": 0.5, "compatibility_term": 0.02222222222222222}}, {"node_id": 55, "mlp_pred": 3, "mlp_max_prob": 0.8016705513000488, "mlp_margin": 0.7065167501568794, "was_uncertain": false, "final_pred": 3, "changed_from_mlp": false, "selected_threshold_high": 0.05, "selected_method_mode": "feature_first_selective_weighted_correction_v1", "winning_class_components": {"mlp_term": -0.22105753942559894, "feature_similarity_term": 0.3000004649162292, "feature_knn_term": 0.0, "graph_neighbor_term": 0.08070008667148876, "compatibility_term": 0.08369933897389811}}, {"node_id": 56, "mlp_pred": 3, "mlp_max_prob": 0.9477198719978333, "mlp_margin": 0.9321524361148477, "was_uncertain": false, "final_pred": 3, "changed_from_mlp": false, "selected_threshold_high": 0.05, "selected_method_mode": "feature_first_selective_weighted_correction_v1", "winning_class_components": {"mlp_term": -0.053696314067144764, "feature_similarity_term": 0.3000008583068848, "feature_knn_term": 0.0, "graph_neighbor_term": 0.0, "compatibility_term": 0.10769230769230768}}, {"node_id": 57, "mlp_pred": 0, "mlp_max_prob": 0.6050354838371277, "mlp_margin": 0.44363531470298767, "was_uncertain": false, "final_pred": 0, "changed_from_mlp": false, "selected_threshold_high": 0.05, "selected_method_mode": "feature_first_selective_weighted_correction_v1", "winning_class_components": {"mlp_term": -0.5024681717007375, "feature_similarity_term": 0.3000001788139343, "feature_knn_term": 0.0, "graph_neighbor_term": 0.05619233234934919, "compatibility_term": 0.10598830507241878}}, {"node_id": 58, "mlp_pred": 4, "mlp_max_prob": 0.6760312914848328, "mlp_margin": 0.43513309955596924, "was_uncertain": false, "final_pred": 4, "changed_from_mlp": false, "selected_threshold_high": 0.05, "selected_method_mode": "feature_first_selective_weighted_correction_v1", "winning_class_components": {"mlp_term": -0.39151591483173726, "feature_similarity_term": 0.30000021457672116, "feature_knn_term": 0.0, "graph_neighbor_term": 0.05946997335661133, "compatibility_term": 0.04228590524770245}}, {"node_id": 60, "mlp_pred": 2, "mlp_max_prob": 0.4628869295120239, "mlp_margin": 0.13198789954185486, "was_uncertain": false, "final_pred": 2, "changed_from_mlp": false, "selected_threshold_high": 0.05, "selected_method_mode": "feature_first_selective_weighted_correction_v1", "winning_class_components": {"mlp_term": -0.7702724674376953,