{"dataset": "cornell", "seed": 134200, "method": "selective_graph_correction", "selected_threshold_high": 0.05, "selected_weights": {"b1": 1.0, "b2": 0.6, "b3": 0.0, "b4": 0.5, "b5": 0.3}, "mode": "feature_first_selective_weighted_correction_v1", "feature_knn_used": false, "feature_knn_k": 5, "runtime_sec": {"mlp_training_runtime_sec": 0.0, "evidence_runtime_sec": 0.008620716049335897, "selection_runtime_sec": 0.002181235933676362, "inference_runtime_sec": 1.0158983059227467e-05, "selective_overhead_runtime_sec": 0.010812110966071486, "total_runtime_sec": 0.010812110966071486, "avg_runtime_overhead_over_mlp_sec": 0.010812110966071486}, "summary": {"val_acc_mlp": 0.7796610169491526, "val_acc_selective": 0.7796610169491526, "test_acc_mlp": 0.6756756756756757, "test_acc_selective": 0.7027027027027027, "val_fraction_uncertain": 0.01694915254237288, "test_fraction_uncertain": 0.02702702702702703, "val_fraction_changed_from_mlp": 0.01694915254237288, "test_fraction_changed_from_mlp": 0.02702702702702703, "acc_val_confident": 0.7931034482758621, "acc_val_uncertain": 0.0, "acc_test_confident": 0.6944444444444444, "acc_test_uncertain": 1.0}, "test_node_diagnostics": [{"node_id": 5, "mlp_pred": 2, "mlp_max_prob": 0.9279090762138367, "mlp_margin": 0.8939884305000305, "was_uncertain": false, "final_pred": 2, "changed_from_mlp": false, "selected_threshold_high": 0.05, "selected_method_mode": "feature_first_selective_weighted_correction_v1", "winning_class_components": {"mlp_term": -0.07482152921396402, "feature_similarity_term": 0.3000008940696716, "feature_knn_term": 0.0, "graph_neighbor_term": 0.19653640301031938, "compatibility_term": 0.0555968792457384}}, {"node_id": 13, "mlp_pred": 3, "mlp_max_prob": 0.9973258972167969, "mlp_margin": 0.9960878959391266, "was_uncertain": false, "final_pred": 3, "changed_from_mlp": false, "selected_threshold_high": 0.05, "selected_method_mode": "feature_first_selective_weighted_correction_v1", "winning_class_components": {"mlp_term": -0.002677684582875976, "feature_similarity_term": 0.300001323223114, "feature_knn_term": 0.0, "graph_neighbor_term": 0.17181432922467638, "compatibility_term": 0.13501834195162019}}, {"node_id": 17, "mlp_pred": 2, "mlp_max_prob": 0.8288621306419373, "mlp_margin": 0.7512559145689011, "was_uncertain": false, "final_pred": 2, "changed_from_mlp": false, "selected_threshold_high": 0.05, "selected_method_mode": "feature_first_selective_weighted_correction_v1", "winning_class_components": {"mlp_term": -0.18770144570899497, "feature_similarity_term": 0.3000001788139343, "feature_knn_term": 0.0, "graph_neighbor_term": 0.0, "compatibility_term": 0.15517241379310345}}, {"node_id": 20, "mlp_pred": 3, "mlp_max_prob": 0.7806215286254883, "mlp_margin": 0.5794095396995544, "was_uncertain": false, "final_pred": 3, "changed_from_mlp": false, "selected_threshold_high": 0.05, "selected_method_mode": "feature_first_selective_weighted_correction_v1", "winning_class_components": {"mlp_term": -0.24766484502909103, "feature_similarity_term": 0.3000010371208191, "feature_knn_term": 0.0, "graph_neighbor_term": 0.28891741086944867, "compatibility_term": 0.04851404417519597}}, {"node_id": 22, "mlp_pred": 2, "mlp_max_prob": 0.4209781587123871, "mlp_margin": 0.0714801549911499, "was_uncertain": false, "final_pred": 2, "changed_from_mlp": false, "selected_threshold_high": 0.05, "selected_method_mode": "feature_first_selective_weighted_correction_v1", "winning_class_components": {"mlp_term": -0.8651743261885693, "feature_similarity_term": 0.30000035762786864, "feature_knn_term": 0.0, "graph_neighbor_term": 0.17844457620616822, "compatibility_term": 0.03958800079150574}}, {"node_id": 26, "mlp_pred": 3, "mlp_max_prob": 0.9978260397911072, "mlp_margin": 0.9965129806660116, "was_uncertain": false, "final_pred": 3, "changed_from_mlp": false, "selected_threshold_high": 0.05, "selected_method_mode": "feature_first_selective_weighted_correction_v1", "winning_class_components": {"mlp_term": -0.002176326690768103, "feature_similarity_term": 0.30000135898590086, "feature_knn_term": 0.0, "graph_neighbor_term": 0.0, "compatibility_term": 0.0984375}}, {"node_id": 27, "mlp_pred": 2, "mlp_max_prob": 0.8779682517051697, "mlp_margin": 0.8144200369715691, "was_uncertain": false, "final_pred": 2, "changed_from_mlp": false, "selected_threshold_high": 0.05, "selected_method_mode": "feature_first_selective_weighted_correction_v1", "winning_class_components": {"mlp_term": -0.13014484578990193, "feature_similarity_term": 0.30000067949295045, "feature_knn_term": 0.0, "graph_neighbor_term": 0.014662278278407086, "compatibility_term": 0.0644815592264624}}, {"node_id": 29, "mlp_pred": 4, "mlp_max_prob": 0.46401870250701904, "mlp_margin": 0.0570048987865448, "was_uncertain": false, "final_pred": 4, "changed_from_mlp": false, "selected_threshold_high": 0.05, "selected_method_mode": "feature_first_selective_weighted_correction_v1", "winning_class_components": {"mlp_term": -0.767830420440996, "feature_similarity_term": 0.3000004291534424, "feature_knn_term": 0.0, "graph_neighbor_term": 0.25, "compatibility_term": 0.06666666666666667}}, {"node_id": 33, "mlp_pred": 0, "mlp_max_prob": 0.9944759011268616, "mlp_margin": 0.9921614320483059, "was_uncertain": false, "final_pred": 0, "changed_from_mlp": false, "selected_threshold_high": 0.05, "selected_method_mode": "feature_first_selective_weighted_correction_v1", "winning_class_components": {"mlp_term": -0.0055394131316766765, "feature_similarity_term": 0.3000010371208191, "feature_knn_term": 0.0, "graph_neighbor_term": 0.5, "compatibility_term": 0.048}}, {"node_id": 34, "mlp_pred": 3, "mlp_max_prob": 0.9841545820236206, "mlp_margin": 0.978077279869467, "was_uncertain": false, "final_pred": 3, "changed_from_mlp": false, "selected_threshold_high": 0.05, "selected_method_mode": "feature_first_selective_weighted_correction_v1", "winning_class_components": {"mlp_term": -0.015972298715637795, "feature_similarity_term": 0.3000005722045898, "feature_knn_term": 0.0, "graph_neighbor_term": 0.0, "compatibility_term": 0.1734375}}, {"node_id": 49, "mlp_pred": 4, "mlp_max_prob": 0.4770459532737732, "mlp_margin": 0.10891991853713989, "was_uncertain": false, "final_pred": 4, "changed_from_mlp": false, "selected_threshold_high": 0.05, "selected_method_mode": "feature_first_selective_weighted_correction_v1", "winning_class_components": {"mlp_term": -0.7401424546338592, "feature_similarity_term": 0.2961385130882263, "feature_knn_term": 0.0, "graph_neighbor_term": 0.005318480959693008, "compatibility_term": 0.0662951615086151}}, {"node_id": 50, "mlp_pred": 3, "mlp_max_prob": 0.3916455805301666, "mlp_margin": 0.06772154569625854, "was_uncertain": false, "final_pred": 3, "changed_from_mlp": false, "selected_threshold_high": 0.05, "selected_method_mode": "feature_first_selective_weighted_correction_v1", "winning_class_components": {"mlp_term": -0.9373979794655032, "feature_similarity_term": 0.30000067949295045, "feature_knn_term": 0.0, "graph_neighbor_term": 0.02909284833988265, "compatibility_term": 0.1668248412000741}}, {"node_id": 52, "mlp_pred": 0, "mlp_max_prob": 0.9823018312454224, "mlp_margin": 0.9670157907530665, "was_uncertain": false, "final_pred": 0, "changed_from_mlp": false, "selected_threshold_high": 0.05, "selected_method_mode": "feature_first_selective_weighted_correction_v1", "winning_class_components": {"mlp_term": -0.017856654060535968, "feature_similarity_term": 0.30000075101852414, "feature_knn_term": 0.0, "graph_neighbor_term": 0.0014506217053001874, "compatibility_term": 0.06007086710897399}}, {"node_id": 55, "mlp_pred": 3, "mlp_max_prob": 0.8993557095527649, "mlp_margin": 0.8565100803971291, "was_uncertain": false, "final_pred": 3, "changed_from_mlp": false, "selected_threshold_high": 0.05, "selected_method_mode": "feature_first_selective_weighted_correction_v1", "winning_class_components": {"mlp_term": -0.10607665029574127, "feature_similarity_term": 0.3000008583068848, "feature_knn_term": 0.0,