{"dataset": "cornell", "seed": 134501, "method": "selective_graph_correction", "selected_threshold_high": 0.05, "selected_weights": {"b1": 1.0, "b2": 0.4, "b3": 0.0, "b4": 0.9, "b5": 0.5}, "mode": "feature_first_selective_weighted_correction_v1", "feature_knn_used": false, "feature_knn_k": 5, "runtime_sec": {"mlp_training_runtime_sec": 0.0, "evidence_runtime_sec": 0.008647877024486661, "selection_runtime_sec": 0.0022660649847239256, "inference_runtime_sec": 1.0108924470841885e-05, "selective_overhead_runtime_sec": 0.010924050933681428, "total_runtime_sec": 0.010924050933681428, "avg_runtime_overhead_over_mlp_sec": 0.010924050933681428}, "summary": {"val_acc_mlp": 0.6949152542372882, "val_acc_selective": 0.711864406779661, "test_acc_mlp": 0.7567567567567568, "test_acc_selective": 0.7567567567567568, "val_fraction_uncertain": 0.03389830508474576, "test_fraction_uncertain": 0.02702702702702703, "val_fraction_changed_from_mlp": 0.01694915254237288, "test_fraction_changed_from_mlp": 0.02702702702702703, "acc_val_confident": 0.7192982456140351, "acc_val_uncertain": 0.5, "acc_test_confident": 0.7777777777777778, "acc_test_uncertain": 0.0}, "test_node_diagnostics": [{"node_id": 2, "mlp_pred": 3, "mlp_max_prob": 0.8232523202896118, "mlp_margin": 0.662347137928009, "was_uncertain": false, "final_pred": 3, "changed_from_mlp": false, "selected_threshold_high": 0.05, "selected_method_mode": "feature_first_selective_weighted_correction_v1", "winning_class_components": {"mlp_term": -0.1944925392788465, "feature_similarity_term": 0.21459107398986818, "feature_knn_term": 0.0, "graph_neighbor_term": 0.9, "compatibility_term": 0.03571428571428571}}, {"node_id": 8, "mlp_pred": 1, "mlp_max_prob": 0.49051183462142944, "mlp_margin": 0.31343741714954376, "was_uncertain": false, "final_pred": 1, "changed_from_mlp": false, "selected_threshold_high": 0.05, "selected_method_mode": "feature_first_selective_weighted_correction_v1", "winning_class_components": {"mlp_term": -0.7123058725992253, "feature_similarity_term": 0.19999991655349733, "feature_knn_term": 0.0, "graph_neighbor_term": 0.17729349390800012, "compatibility_term": 0.10336724845555645}}, {"node_id": 11, "mlp_pred": 3, "mlp_max_prob": 0.883084237575531, "mlp_margin": 0.7787077650427818, "was_uncertain": false, "final_pred": 3, "changed_from_mlp": false, "selected_threshold_high": 0.05, "selected_method_mode": "feature_first_selective_weighted_correction_v1", "winning_class_components": {"mlp_term": -0.12433468363561309, "feature_similarity_term": 0.2000004291534424, "feature_knn_term": 0.0, "graph_neighbor_term": 0.0, "compatibility_term": 0.35714285714285715}}, {"node_id": 16, "mlp_pred": 2, "mlp_max_prob": 0.7259063124656677, "mlp_margin": 0.5801452994346619, "was_uncertain": false, "final_pred": 2, "changed_from_mlp": false, "selected_threshold_high": 0.05, "selected_method_mode": "feature_first_selective_weighted_correction_v1", "winning_class_components": {"mlp_term": -0.32033431867505735, "feature_similarity_term": 0.20000071525573732, "feature_knn_term": 0.0, "graph_neighbor_term": 0.0, "compatibility_term": 0.26785714285714285}}, {"node_id": 21, "mlp_pred": 1, "mlp_max_prob": 0.40143460035324097, "mlp_margin": 0.0653207004070282, "was_uncertain": false, "final_pred": 1, "changed_from_mlp": false, "selected_threshold_high": 0.05, "selected_method_mode": "feature_first_selective_weighted_correction_v1", "winning_class_components": {"mlp_term": -0.9127106471488841, "feature_similarity_term": 0.2, "feature_knn_term": 0.0, "graph_neighbor_term": 0.13634255418376484, "compatibility_term": 0.08055329444657608}}, {"node_id": 24, "mlp_pred": 1, "mlp_max_prob": 0.4313846230506897, "mlp_margin": 0.16102823615074158, "was_uncertain": false, "final_pred": 1, "changed_from_mlp": false, "selected_threshold_high": 0.05, "selected_method_mode": "feature_first_selective_weighted_correction_v1", "winning_class_components": {"mlp_term": -0.8407551899583909, "feature_similarity_term": 0.20000014305114747, "feature_knn_term": 0.0, "graph_neighbor_term": 0.16612254993099174, "compatibility_term": 0.08754127986492835}}, {"node_id": 26, "mlp_pred": 3, "mlp_max_prob": 0.9997580647468567, "mlp_margin": 0.9996199832385173, "was_uncertain": false, "final_pred": 3, "changed_from_mlp": false, "selected_threshold_high": 0.05, "selected_method_mode": "feature_first_selective_weighted_correction_v1", "winning_class_components": {"mlp_term": -0.00024196452419789584, "feature_similarity_term": 0.20000057220458986, "feature_knn_term": 0.0, "graph_neighbor_term": 0.05454320138821606, "compatibility_term": 0.22848773490654206}}, {"node_id": 27, "mlp_pred": 2, "mlp_max_prob": 0.9738652110099792, "mlp_margin": 0.9651820873841643, "was_uncertain": false, "final_pred": 2, "changed_from_mlp": false, "selected_threshold_high": 0.05, "selected_method_mode": "feature_first_selective_weighted_correction_v1", "winning_class_components": {"mlp_term": -0.02648237196938313, "feature_similarity_term": 0.20000059604644777, "feature_knn_term": 0.0, "graph_neighbor_term": 0.004316704635078506, "compatibility_term": 0.11927098479994445}}, {"node_id": 29, "mlp_pred": 2, "mlp_max_prob": 0.4376262426376343, "mlp_margin": 0.20951350033283234, "was_uncertain": false, "final_pred": 2, "changed_from_mlp": false, "selected_threshold_high": 0.05, "selected_method_mode": "feature_first_selective_weighted_correction_v1", "winning_class_components": {"mlp_term": -0.8263900602080327, "feature_similarity_term": 0.20000050067901612, "feature_knn_term": 0.0, "graph_neighbor_term": 0.007607064753024517, "compatibility_term": 0.16350199406984556}}, {"node_id": 37, "mlp_pred": 2, "mlp_max_prob": 0.8622589707374573, "mlp_margin": 0.7601345703005791, "was_uncertain": false, "final_pred": 2, "changed_from_mlp": false, "selected_threshold_high": 0.05, "selected_method_mode": "feature_first_selective_weighted_correction_v1", "winning_class_components": {"mlp_term": -0.14819962334866904, "feature_similarity_term": 0.20000071525573732, "feature_knn_term": 0.0, "graph_neighbor_term": 0.0, "compatibility_term": 0.26785714285714285}}, {"node_id": 54, "mlp_pred": 2, "mlp_max_prob": 0.4758167266845703, "mlp_margin": 0.16847345232963562, "was_uncertain": false, "final_pred": 2, "changed_from_mlp": false, "selected_threshold_high": 0.05, "selected_method_mode": "feature_first_selective_weighted_correction_v1", "winning_class_components": {"mlp_term": -0.7427225268666109, "feature_similarity_term": 0.20000061988830567, "feature_knn_term": 0.0, "graph_neighbor_term": 0.0, "compatibility_term": 0.07142857142857142}}, {"node_id": 59, "mlp_pred": 3, "mlp_max_prob": 0.8972747325897217, "mlp_margin": 0.8381924293935299, "was_uncertain": false, "final_pred": 3, "changed_from_mlp": false, "selected_threshold_high": 0.05, "selected_method_mode": "feature_first_selective_weighted_correction_v1", "winning_class_components": {"mlp_term": -0.10839318445305234, "feature_similarity_term": 0.20000059604644777, "feature_knn_term": 0.0, "graph_neighbor_term": 0.0, "compatibility_term": 0.35714285714285715}}, {"node_id": 62, "mlp_pred": 0, "mlp_max_prob": 0.841464102268219, "mlp_margin": 0.7434684634208679, "was_uncertain": false, "final_pred": 0, "changed_from_mlp": false, "selected_threshold_high": 0.05, "selected_method_mode": "feature_first_selective_weighted_correction_v1", "winning_class_components": {"mlp_term": -0.17261192547900941, "feature_similarity_term": 0.21669080257415774, "feature_knn_term": 0.0, "graph_neighbor_term": 0.0, "compatibility_term": 0.26666666666666666}}, {"node_id": 68, "mlp_pred": 3, "mlp_max_prob": 0.39325469732284546, "mlp_margin": 0.12588906288146973, "was_uncertain": false, "final_pred": 3, "changed_from_mlp": false, "selected_threshold_high": 0.05, "selected_method_mode": "feature_first_selective_weighted_correction_v1", "winning_class_components": {"mlp_term": -0.9332977922381778, "feature_similarity_term": 0.19999970197677613, "feature_knn_term": 0.0,