{"dataset": "cornell", "seed": 133800, "method": "selective_graph_correction", "selected_threshold_high": 0.338334, "selected_weights": {"b1": 1.0, "b2": 0.4, "b3": 0.0, "b4": 0.9, "b5": 0.5}, "mode": "feature_first_selective_weighted_correction_v1", "feature_knn_used": false, "feature_knn_k": 5, "runtime_sec": {"mlp_training_runtime_sec": 0.0, "evidence_runtime_sec": 0.009459670051001012, "selection_runtime_sec": 0.002309547970071435, "inference_runtime_sec": 1.1452008038759232e-05, "selective_overhead_runtime_sec": 0.011780670029111207, "total_runtime_sec": 0.011780670029111207, "avg_runtime_overhead_over_mlp_sec": 0.011780670029111207}, "summary": {"val_acc_mlp": 0.6779661016949152, "val_acc_selective": 0.6949152542372882, "test_acc_mlp": 0.7297297297297297, "test_acc_selective": 0.7297297297297297, "val_fraction_uncertain": 0.2033898305084746, "test_fraction_uncertain": 0.1891891891891892, "val_fraction_changed_from_mlp": 0.03389830508474576, "test_fraction_changed_from_mlp": 0.0, "acc_val_confident": 0.8085106382978723, "acc_val_uncertain": 0.25, "acc_test_confident": 0.8333333333333334, "acc_test_uncertain": 0.2857142857142857}, "test_node_diagnostics": [{"node_id": 6, "mlp_pred": 4, "mlp_max_prob": 0.755617082118988, "mlp_margin": 0.6243756413459778, "was_uncertain": false, "final_pred": 4, "changed_from_mlp": false, "selected_threshold_high": 0.338334, "selected_method_mode": "feature_first_selective_weighted_correction_v1", "winning_class_components": {"mlp_term": -0.2802205362532736, "feature_similarity_term": 0.19999996423721314, "feature_knn_term": 0.0, "graph_neighbor_term": 0.17825607478767155, "compatibility_term": 0.10612229990562985}}, {"node_id": 7, "mlp_pred": 4, "mlp_max_prob": 0.5234233140945435, "mlp_margin": 0.1212785542011261, "was_uncertain": true, "final_pred": 4, "changed_from_mlp": false, "selected_threshold_high": 0.338334, "selected_method_mode": "feature_first_selective_weighted_correction_v1", "winning_class_components": {"mlp_term": -0.6473647463272215, "feature_similarity_term": 0.2000004529953003, "feature_knn_term": 0.0, "graph_neighbor_term": 0.45, "compatibility_term": 0.09722222222222221}}, {"node_id": 25, "mlp_pred": 0, "mlp_max_prob": 0.8848385214805603, "mlp_margin": 0.8160050809383392, "was_uncertain": false, "final_pred": 0, "changed_from_mlp": false, "selected_threshold_high": 0.338334, "selected_method_mode": "feature_first_selective_weighted_correction_v1", "winning_class_components": {"mlp_term": -0.12235011222623778, "feature_similarity_term": 0.21355934143066407, "feature_knn_term": 0.0, "graph_neighbor_term": 0.0005735827719298885, "compatibility_term": 0.292036904337556}}, {"node_id": 26, "mlp_pred": 3, "mlp_max_prob": 0.9990204572677612, "mlp_margin": 0.998500645509921, "was_uncertain": false, "final_pred": 3, "changed_from_mlp": false, "selected_threshold_high": 0.338334, "selected_method_mode": "feature_first_selective_weighted_correction_v1", "winning_class_components": {"mlp_term": -0.0009800227977429644, "feature_similarity_term": 0.20000050067901612, "feature_knn_term": 0.0, "graph_neighbor_term": 0.0, "compatibility_term": 0.2076923076923077}}, {"node_id": 28, "mlp_pred": 2, "mlp_max_prob": 0.4975374639034271, "mlp_margin": 0.13411074876785278, "was_uncertain": true, "final_pred": 2, "changed_from_mlp": false, "selected_threshold_high": 0.338334, "selected_method_mode": "feature_first_selective_weighted_correction_v1", "winning_class_components": {"mlp_term": -0.6980844208902215, "feature_similarity_term": 0.20000064373016357, "feature_knn_term": 0.0, "graph_neighbor_term": 0.43427967124317896, "compatibility_term": 0.050618631133819335}}, {"node_id": 36, "mlp_pred": 3, "mlp_max_prob": 0.789797306060791, "mlp_margin": 0.6913832277059555, "was_uncertain": false, "final_pred": 3, "changed_from_mlp": false, "selected_threshold_high": 0.338334, "selected_method_mode": "feature_first_selective_weighted_correction_v1", "winning_class_components": {"mlp_term": -0.23597894104855913, "feature_similarity_term": 0.24867088794708253, "feature_knn_term": 0.0, "graph_neighbor_term": 0.0, "compatibility_term": 0.03076923076923077}}, {"node_id": 42, "mlp_pred": 0, "mlp_max_prob": 0.9681380987167358, "mlp_margin": 0.9514213521033525, "was_uncertain": false, "final_pred": 0, "changed_from_mlp": false, "selected_threshold_high": 0.338334, "selected_method_mode": "feature_first_selective_weighted_correction_v1", "winning_class_components": {"mlp_term": -0.032380537917525425, "feature_similarity_term": 0.20000047683715821, "feature_knn_term": 0.0, "graph_neighbor_term": 0.45, "compatibility_term": 0.17073170731707316}}, {"node_id": 43, "mlp_pred": 1, "mlp_max_prob": 0.42516377568244934, "mlp_margin": 0.17514652013778687, "was_uncertain": true, "final_pred": 1, "changed_from_mlp": false, "selected_threshold_high": 0.338334, "selected_method_mode": "feature_first_selective_weighted_correction_v1", "winning_class_components": {"mlp_term": -0.8552808297407747, "feature_similarity_term": 0.2, "feature_knn_term": 0.0, "graph_neighbor_term": 0.11416728278447859, "compatibility_term": 0.16441576815649855}}, {"node_id": 52, "mlp_pred": 0, "mlp_max_prob": 0.9713270664215088, "mlp_margin": 0.9492883160710335, "was_uncertain": false, "final_pred": 0, "changed_from_mlp": false, "selected_threshold_high": 0.338334, "selected_method_mode": "feature_first_selective_weighted_correction_v1", "winning_class_components": {"mlp_term": -0.029092032781206346, "feature_similarity_term": 0.20000050067901612, "feature_knn_term": 0.0, "graph_neighbor_term": 0.0, "compatibility_term": 0.0975609756097561}}, {"node_id": 71, "mlp_pred": 3, "mlp_max_prob": 0.8831323981285095, "mlp_margin": 0.8203403949737549, "was_uncertain": false, "final_pred": 3, "changed_from_mlp": false, "selected_threshold_high": 0.338334, "selected_method_mode": "feature_first_selective_weighted_correction_v1", "winning_class_components": {"mlp_term": -0.12428014836285335, "feature_similarity_term": 0.20000030994415285, "feature_knn_term": 0.0, "graph_neighbor_term": 0.0, "compatibility_term": 0.36923076923076925}}, {"node_id": 73, "mlp_pred": 0, "mlp_max_prob": 0.9684349894523621, "mlp_margin": 0.9558830857276917, "was_uncertain": false, "final_pred": 0, "changed_from_mlp": false, "selected_threshold_high": 0.338334, "selected_method_mode": "feature_first_selective_weighted_correction_v1", "winning_class_components": {"mlp_term": -0.03207392337272365, "feature_similarity_term": 0.20000026226043702, "feature_knn_term": 0.0, "graph_neighbor_term": 0.003807702559404877, "compatibility_term": 0.01945886902687224}}, {"node_id": 74, "mlp_pred": 3, "mlp_max_prob": 0.9955286383628845, "mlp_margin": 0.9939664514968172, "was_uncertain": false, "final_pred": 3, "changed_from_mlp": false, "selected_threshold_high": 0.338334, "selected_method_mode": "feature_first_selective_weighted_correction_v1", "winning_class_components": {"mlp_term": -0.004481388073605996, "feature_similarity_term": 0.20000047683715821, "feature_knn_term": 0.0, "graph_neighbor_term": 0.0, "compatibility_term": 0.2076923076923077}}, {"node_id": 75, "mlp_pred": 3, "mlp_max_prob": 0.9963911175727844, "mlp_margin": 0.9952372094849125, "was_uncertain": false, "final_pred": 3, "changed_from_mlp": false, "selected_threshold_high": 0.338334, "selected_method_mode": "feature_first_selective_weighted_correction_v1", "winning_class_components": {"mlp_term": -0.003615410153331986, "feature_similarity_term": 0.25043654441833496, "feature_knn_term": 0.0, "graph_neighbor_term": 0.15714587566725097, "compatibility_term": 0.27957566889034635}}, {"node_id": 77, "mlp_pred": 3, "mlp_max_prob": 0.9791579842567444, "mlp_margin": 0.9686709055677056, "was_uncertain": false, "final_pred": 3, "changed_from_mlp": false, "selected_threshold_high": 0.338334, "selected_method_mode": "feature_first_selective_weighted_correction_v1", "winning_class_components": {"mlp_term": -0.021062276379193966,