{"dataset": "texas", "seed": 134602, "method": "selective_graph_correction", "selected_threshold_high": 0.05, "selected_weights": {"b1": 1.0, "b2": 0.6, "b3": 0.0, "b4": 0.5, "b5": 0.3}, "mode": "feature_first_selective_weighted_correction_v1", "feature_knn_used": false, "feature_knn_k": 5, "runtime_sec": {"mlp_training_runtime_sec": 0.0, "evidence_runtime_sec": 0.00864793499931693, "selection_runtime_sec": 0.0021171040134504437, "inference_runtime_sec": 1.0228948667645454e-05, "selective_overhead_runtime_sec": 0.01077526796143502, "total_runtime_sec": 0.01077526796143502, "avg_runtime_overhead_over_mlp_sec": 0.01077526796143502}, "summary": {"val_acc_mlp": 0.7288135593220338, "val_acc_selective": 0.7457627118644068, "test_acc_mlp": 0.7027027027027027, "test_acc_selective": 0.6756756756756757, "val_fraction_uncertain": 0.03389830508474576, "test_fraction_uncertain": 0.10810810810810811, "val_fraction_changed_from_mlp": 0.01694915254237288, "test_fraction_changed_from_mlp": 0.08108108108108109, "acc_val_confident": 0.7543859649122807, "acc_val_uncertain": 0.5, "acc_test_confident": 0.7272727272727273, "acc_test_uncertain": 0.25}, "test_node_diagnostics": [{"node_id": 8, "mlp_pred": 3, "mlp_max_prob": 0.9196004271507263, "mlp_margin": 0.8591133877635002, "was_uncertain": false, "final_pred": 3, "changed_from_mlp": false, "selected_threshold_high": 0.05, "selected_method_mode": "feature_first_selective_weighted_correction_v1", "winning_class_components": {"mlp_term": -0.08381602159699583, "feature_similarity_term": 0.30000075101852414, "feature_knn_term": 0.0, "graph_neighbor_term": 0.08568734749126006, "compatibility_term": 0.05288547367631359}}, {"node_id": 9, "mlp_pred": 0, "mlp_max_prob": 0.9481413960456848, "mlp_margin": 0.9108047932386398, "was_uncertain": false, "final_pred": 0, "changed_from_mlp": false, "selected_threshold_high": 0.05, "selected_method_mode": "feature_first_selective_weighted_correction_v1", "winning_class_components": {"mlp_term": -0.05325163590223607, "feature_similarity_term": 0.3185356020927429, "feature_knn_term": 0.0, "graph_neighbor_term": 0.14806678118135094, "compatibility_term": 0.09002021631116888}}, {"node_id": 14, "mlp_pred": 0, "mlp_max_prob": 0.6455376148223877, "mlp_margin": 0.3168364465236664, "was_uncertain": false, "final_pred": 0, "changed_from_mlp": false, "selected_threshold_high": 0.05, "selected_method_mode": "feature_first_selective_weighted_correction_v1", "winning_class_components": {"mlp_term": -0.43767179801150863, "feature_similarity_term": 0.30000007152557373, "feature_knn_term": 0.0, "graph_neighbor_term": 0.5, "compatibility_term": 0.03333333333333333}}, {"node_id": 15, "mlp_pred": 4, "mlp_max_prob": 0.9888185858726501, "mlp_margin": 0.9818184617906809, "was_uncertain": false, "final_pred": 4, "changed_from_mlp": false, "selected_threshold_high": 0.05, "selected_method_mode": "feature_first_selective_weighted_correction_v1", "winning_class_components": {"mlp_term": -0.011244396063117423, "feature_similarity_term": 0.30000125169754027, "feature_knn_term": 0.0, "graph_neighbor_term": 0.05500980312841775, "compatibility_term": 0.08707547576370617}}, {"node_id": 30, "mlp_pred": 3, "mlp_max_prob": 0.9782498478889465, "mlp_margin": 0.9681439232081175, "was_uncertain": false, "final_pred": 3, "changed_from_mlp": false, "selected_threshold_high": 0.05, "selected_method_mode": "feature_first_selective_weighted_correction_v1", "winning_class_components": {"mlp_term": -0.021990173384654095, "feature_similarity_term": 0.32302533388137816, "feature_knn_term": 0.0, "graph_neighbor_term": 0.18830690908221528, "compatibility_term": 0.057694099672275574}}, {"node_id": 31, "mlp_pred": 3, "mlp_max_prob": 0.9626393914222717, "mlp_margin": 0.9489361578598619, "was_uncertain": false, "final_pred": 3, "changed_from_mlp": false, "selected_threshold_high": 0.05, "selected_method_mode": "feature_first_selective_weighted_correction_v1", "winning_class_components": {"mlp_term": -0.038076401049022754, "feature_similarity_term": 0.3000003933906555, "feature_knn_term": 0.0, "graph_neighbor_term": 0.021476383703929656, "compatibility_term": 0.08487032059599674}}, {"node_id": 33, "mlp_pred": 3, "mlp_max_prob": 0.9648486971855164, "mlp_margin": 0.9493728680536151, "was_uncertain": false, "final_pred": 3, "changed_from_mlp": false, "selected_threshold_high": 0.05, "selected_method_mode": "feature_first_selective_weighted_correction_v1", "winning_class_components": {"mlp_term": -0.0357839804173938, "feature_similarity_term": 0.3000008225440979, "feature_knn_term": 0.0, "graph_neighbor_term": 0.06442915527208909, "compatibility_term": 0.054610958857142705}}, {"node_id": 34, "mlp_pred": 0, "mlp_max_prob": 0.5815814137458801, "mlp_margin": 0.24696865677833557, "was_uncertain": false, "final_pred": 0, "changed_from_mlp": false, "selected_threshold_high": 0.05, "selected_method_mode": "feature_first_selective_weighted_correction_v1", "winning_class_components": {"mlp_term": -0.5420043103816508, "feature_similarity_term": 0.3, "feature_knn_term": 0.0, "graph_neighbor_term": 0.3857886317885229, "compatibility_term": 0.03825071762505668}}, {"node_id": 48, "mlp_pred": 0, "mlp_max_prob": 0.9553054571151733, "mlp_margin": 0.9161424934864044, "was_uncertain": false, "final_pred": 0, "changed_from_mlp": false, "selected_threshold_high": 0.05, "selected_method_mode": "feature_first_selective_weighted_correction_v1", "winning_class_components": {"mlp_term": -0.04572413926025516, "feature_similarity_term": 0.3000005722045898, "feature_knn_term": 0.0, "graph_neighbor_term": 0.0729962358400506, "compatibility_term": 0.10233509030729877}}, {"node_id": 61, "mlp_pred": 0, "mlp_max_prob": 0.4743157625198364, "mlp_margin": 0.22014927864074707, "was_uncertain": false, "final_pred": 0, "changed_from_mlp": false, "selected_threshold_high": 0.05, "selected_method_mode": "feature_first_selective_weighted_correction_v1", "winning_class_components": {"mlp_term": -0.7458820134232426, "feature_similarity_term": 0.29999996423721315, "feature_knn_term": 0.0, "graph_neighbor_term": 0.14806678118135094, "compatibility_term": 0.034464658065125754}}, {"node_id": 67, "mlp_pred": 3, "mlp_max_prob": 0.9998264908790588, "mlp_margin": 0.9997640805595438, "was_uncertain": false, "final_pred": 3, "changed_from_mlp": false, "selected_threshold_high": 0.05, "selected_method_mode": "feature_first_selective_weighted_correction_v1", "winning_class_components": {"mlp_term": -0.00017352417539010165, "feature_similarity_term": 0.3498323321342468, "feature_knn_term": 0.0, "graph_neighbor_term": 0.24995661666221713, "compatibility_term": 0.08529218395504978}}, {"node_id": 69, "mlp_pred": 3, "mlp_max_prob": 0.90121990442276, "mlp_margin": 0.8534890450537205, "was_uncertain": false, "final_pred": 3, "changed_from_mlp": false, "selected_threshold_high": 0.05, "selected_method_mode": "feature_first_selective_weighted_correction_v1", "winning_class_components": {"mlp_term": -0.10400598409143232, "feature_similarity_term": 0.3000010013580322, "feature_knn_term": 0.0, "graph_neighbor_term": 0.06442915527208909, "compatibility_term": 0.054610958857142705}}, {"node_id": 70, "mlp_pred": 0, "mlp_max_prob": 0.5130836367607117, "mlp_margin": 0.059507787227630615, "was_uncertain": false, "final_pred": 0, "changed_from_mlp": false, "selected_threshold_high": 0.05, "selected_method_mode": "feature_first_selective_weighted_correction_v1", "winning_class_components": {"mlp_term": -0.6673164124787967, "feature_similarity_term": 0.29697375297546386, "feature_knn_term": 0.0, "graph_neighbor_term": 0.09033944457769394, "compatibility_term": 0.02947912390033404}}, {"node_id": 71, "mlp_pred": 0, "mlp_max_prob": 0.8708392381668091, "mlp_margin": 0.7909025922417641, "was_uncertain": false, "final_pred": 0, "changed_from_mlp": false, "selected_threshold_high": 0.05, "selected_method_mode": "feature_first_selective_weighted_correction_v1", "winning_class_components": {"mlp_term": -0.13829789073014895,