{"dataset": "texas", "seed": 134601, "method": "selective_graph_correction", "selected_threshold_high": 0.05, "selected_weights": {"b1": 1.0, "b2": 0.6, "b3": 0.0, "b4": 0.5, "b5": 0.3}, "mode": "feature_first_selective_weighted_correction_v1", "feature_knn_used": false, "feature_knn_k": 5, "runtime_sec": {"mlp_training_runtime_sec": 0.0, "evidence_runtime_sec": 0.008744937949813902, "selection_runtime_sec": 0.0022262500133365393, "inference_runtime_sec": 1.0068994015455246e-05, "selective_overhead_runtime_sec": 0.010981256957165897, "total_runtime_sec": 0.010981256957165897, "avg_runtime_overhead_over_mlp_sec": 0.010981256957165897}, "summary": {"val_acc_mlp": 0.847457627118644, "val_acc_selective": 0.847457627118644, "test_acc_mlp": 0.7567567567567568, "test_acc_selective": 0.7837837837837838, "val_fraction_uncertain": 0.03389830508474576, "test_fraction_uncertain": 0.05405405405405406, "val_fraction_changed_from_mlp": 0.01694915254237288, "test_fraction_changed_from_mlp": 0.02702702702702703, "acc_val_confident": 0.8596491228070176, "acc_val_uncertain": 0.5, "acc_test_confident": 0.8, "acc_test_uncertain": 0.5}, "test_node_diagnostics": [{"node_id": 8, "mlp_pred": 3, "mlp_max_prob": 0.8775519132614136, "mlp_margin": 0.7894844487309456, "was_uncertain": false, "final_pred": 3, "changed_from_mlp": false, "selected_threshold_high": 0.05, "selected_method_mode": "feature_first_selective_weighted_correction_v1", "winning_class_components": {"mlp_term": -0.130619164980157, "feature_similarity_term": 0.30000075101852414, "feature_knn_term": 0.0, "graph_neighbor_term": 0.0868705844421322, "compatibility_term": 0.05512824967241784}}, {"node_id": 9, "mlp_pred": 0, "mlp_max_prob": 0.9669361114501953, "mlp_margin": 0.9411141462624073, "was_uncertain": false, "final_pred": 0, "changed_from_mlp": false, "selected_threshold_high": 0.05, "selected_method_mode": "feature_first_selective_weighted_correction_v1", "winning_class_components": {"mlp_term": -0.03362285453237761, "feature_similarity_term": 0.3185356020927429, "feature_knn_term": 0.0, "graph_neighbor_term": 0.13184338808059692, "compatibility_term": 0.09199594408273697}}, {"node_id": 14, "mlp_pred": 3, "mlp_max_prob": 0.7644453048706055, "mlp_margin": 0.6674449890851974, "was_uncertain": false, "final_pred": 3, "changed_from_mlp": false, "selected_threshold_high": 0.05, "selected_method_mode": "feature_first_selective_weighted_correction_v1", "winning_class_components": {"mlp_term": -0.26860479983412244, "feature_similarity_term": 0.30000014305114747, "feature_knn_term": 0.0, "graph_neighbor_term": 0.0, "compatibility_term": 0.047058823529411764}}, {"node_id": 15, "mlp_pred": 4, "mlp_max_prob": 0.9855912923812866, "mlp_margin": 0.9799038469791412, "was_uncertain": false, "final_pred": 4, "changed_from_mlp": false, "selected_threshold_high": 0.05, "selected_method_mode": "feature_first_selective_weighted_correction_v1", "winning_class_components": {"mlp_term": -0.014513521082324513, "feature_similarity_term": 0.30000125169754027, "feature_knn_term": 0.0, "graph_neighbor_term": 0.054877356404689825, "compatibility_term": 0.08699308951911175}}, {"node_id": 30, "mlp_pred": 3, "mlp_max_prob": 0.9763064980506897, "mlp_margin": 0.9681995697319508, "was_uncertain": false, "final_pred": 3, "changed_from_mlp": false, "selected_threshold_high": 0.05, "selected_method_mode": "feature_first_selective_weighted_correction_v1", "winning_class_components": {"mlp_term": -0.023978706979677543, "feature_similarity_term": 0.32302533388137816, "feature_knn_term": 0.0, "graph_neighbor_term": 0.19647193003736044, "compatibility_term": 0.06484332105633984}}, {"node_id": 31, "mlp_pred": 3, "mlp_max_prob": 0.9644070267677307, "mlp_margin": 0.9480070825666189, "was_uncertain": false, "final_pred": 3, "changed_from_mlp": false, "selected_threshold_high": 0.05, "selected_method_mode": "feature_first_selective_weighted_correction_v1", "winning_class_components": {"mlp_term": -0.03624184654682184, "feature_similarity_term": 0.3000003933906555, "feature_knn_term": 0.0, "graph_neighbor_term": 0.02579960475365321, "compatibility_term": 0.08509760179063854}}, {"node_id": 33, "mlp_pred": 3, "mlp_max_prob": 0.950614869594574, "mlp_margin": 0.9302570074796677, "was_uncertain": false, "final_pred": 3, "changed_from_mlp": false, "selected_threshold_high": 0.05, "selected_method_mode": "feature_first_selective_weighted_correction_v1", "winning_class_components": {"mlp_term": -0.050646272599116623, "feature_similarity_term": 0.3000008225440979, "feature_knn_term": 0.0, "graph_neighbor_term": 0.07739881426095963, "compatibility_term": 0.05529280537191559}}, {"node_id": 34, "mlp_pred": 4, "mlp_max_prob": 0.6371145248413086, "mlp_margin": 0.40469880402088165, "was_uncertain": false, "final_pred": 4, "changed_from_mlp": false, "selected_threshold_high": 0.05, "selected_method_mode": "feature_first_selective_weighted_correction_v1", "winning_class_components": {"mlp_term": -0.4508058517499162, "feature_similarity_term": 0.3000003218650818, "feature_knn_term": 0.0, "graph_neighbor_term": 0.046804888640069806, "compatibility_term": 0.08563685887239965}}, {"node_id": 48, "mlp_pred": 0, "mlp_max_prob": 0.7394158840179443, "mlp_margin": 0.5498106628656387, "was_uncertain": false, "final_pred": 0, "changed_from_mlp": false, "selected_threshold_high": 0.05, "selected_method_mode": "feature_first_selective_weighted_correction_v1", "winning_class_components": {"mlp_term": -0.30189475040314606, "feature_similarity_term": 0.3000005722045898, "feature_knn_term": 0.0, "graph_neighbor_term": 0.09072388694861315, "compatibility_term": 0.10059461963350612}}, {"node_id": 61, "mlp_pred": 2, "mlp_max_prob": 0.3354678153991699, "mlp_margin": 0.05309092998504639, "was_uncertain": false, "final_pred": 2, "changed_from_mlp": false, "selected_threshold_high": 0.05, "selected_method_mode": "feature_first_selective_weighted_correction_v1", "winning_class_components": {"mlp_term": -1.0922292574278292, "feature_similarity_term": 0.30000025033950806, "feature_knn_term": 0.0, "graph_neighbor_term": 0.276407478377223, "compatibility_term": 0.048848259566085676}}, {"node_id": 67, "mlp_pred": 3, "mlp_max_prob": 0.9998332262039185, "mlp_margin": 0.9997748020250583, "was_uncertain": false, "final_pred": 3, "changed_from_mlp": false, "selected_threshold_high": 0.05, "selected_method_mode": "feature_first_selective_weighted_correction_v1", "winning_class_components": {"mlp_term": -0.00016678770437745372, "feature_similarity_term": 0.3498323321342468, "feature_knn_term": 0.0, "graph_neighbor_term": 0.24995831857999704, "compatibility_term": 0.08529259330018456}}, {"node_id": 69, "mlp_pred": 3, "mlp_max_prob": 0.9228722453117371, "mlp_margin": 0.8829118683934212, "was_uncertain": false, "final_pred": 3, "changed_from_mlp": false, "selected_threshold_high": 0.05, "selected_method_mode": "feature_first_selective_weighted_correction_v1", "winning_class_components": {"mlp_term": -0.08026446650582698, "feature_similarity_term": 0.3000010013580322, "feature_knn_term": 0.0, "graph_neighbor_term": 0.07739881426095963, "compatibility_term": 0.05529280537191559}}, {"node_id": 70, "mlp_pred": 4, "mlp_max_prob": 0.8516445755958557, "mlp_margin": 0.7458445727825165, "was_uncertain": false, "final_pred": 4, "changed_from_mlp": false, "selected_threshold_high": 0.05, "selected_method_mode": "feature_first_selective_weighted_correction_v1", "winning_class_components": {"mlp_term": -0.16058600398385722, "feature_similarity_term": 0.3346809267997742, "feature_knn_term": 0.0, "graph_neighbor_term": 0.004966035227730484, "compatibility_term": 0.05949152445928374}}, {"node_id": 71, "mlp_pred": 0, "mlp_max_prob": 0.8845738172531128, "mlp_margin": 0.809503972530365, "was_uncertain": false, "final_pred": 0, "changed_from_mlp": false, "selected_threshold_high": 0.05, "selected_method_mode": "feature_first_selective_weighted_correction_v1", "winning_class_components": {"mlp_term": -0.12264931238849239,