{"dataset": "texas", "seed": 133800, "method": "selective_graph_correction", "selected_threshold_high": 0.05, "selected_weights": {"b1": 1.0, "b2": 0.6, "b3": 0.0, "b4": 0.5, "b5": 0.3}, "mode": "feature_first_selective_weighted_correction_v1", "feature_knn_used": false, "feature_knn_k": 5, "runtime_sec": {"mlp_training_runtime_sec": 0.0, "evidence_runtime_sec": 0.008565578958950937, "selection_runtime_sec": 0.002129137050360441, "inference_runtime_sec": 1.0089017450809479e-05, "selective_overhead_runtime_sec": 0.010704805026762187, "total_runtime_sec": 0.010704805026762187, "avg_runtime_overhead_over_mlp_sec": 0.010704805026762187}, "summary": {"val_acc_mlp": 0.8135593220338984, "val_acc_selective": 0.8305084745762712, "test_acc_mlp": 0.9459459459459459, "test_acc_selective": 0.972972972972973, "val_fraction_uncertain": 0.03389830508474576, "test_fraction_uncertain": 0.02702702702702703, "val_fraction_changed_from_mlp": 0.01694915254237288, "test_fraction_changed_from_mlp": 0.02702702702702703, "acc_val_confident": 0.8245614035087719, "acc_val_uncertain": 1.0, "acc_test_confident": 0.9722222222222222, "acc_test_uncertain": 1.0}, "test_node_diagnostics": [{"node_id": 0, "mlp_pred": 3, "mlp_max_prob": 0.6291255950927734, "mlp_margin": 0.33871033787727356, "was_uncertain": false, "final_pred": 3, "changed_from_mlp": false, "selected_threshold_high": 0.05, "selected_method_mode": "feature_first_selective_weighted_correction_v1", "winning_class_components": {"mlp_term": -0.4634243679805989, "feature_similarity_term": 0.3, "feature_knn_term": 0.0, "graph_neighbor_term": 0.01747597198463226, "compatibility_term": 0.052313447729336944}}, {"node_id": 12, "mlp_pred": 3, "mlp_max_prob": 0.9653493762016296, "mlp_margin": 0.9540103226900101, "was_uncertain": false, "final_pred": 3, "changed_from_mlp": false, "selected_threshold_high": 0.05, "selected_method_mode": "feature_first_selective_weighted_correction_v1", "winning_class_components": {"mlp_term": -0.03526519528933283, "feature_similarity_term": 0.3000007152557373, "feature_knn_term": 0.0, "graph_neighbor_term": 0.016123248880515195, "compatibility_term": 0.07828694556111797}}, {"node_id": 19, "mlp_pred": 3, "mlp_max_prob": 0.8759343028068542, "mlp_margin": 0.8090340122580528, "was_uncertain": false, "final_pred": 3, "changed_from_mlp": false, "selected_threshold_high": 0.05, "selected_method_mode": "feature_first_selective_weighted_correction_v1", "winning_class_components": {"mlp_term": -0.1324641876539744, "feature_similarity_term": 0.3000004291534424, "feature_knn_term": 0.0, "graph_neighbor_term": 0.016123248880515195, "compatibility_term": 0.07828694556111797}}, {"node_id": 20, "mlp_pred": 0, "mlp_max_prob": 0.9223312139511108, "mlp_margin": 0.8926800973713398, "was_uncertain": false, "final_pred": 0, "changed_from_mlp": false, "selected_threshold_high": 0.05, "selected_method_mode": "feature_first_selective_weighted_correction_v1", "winning_class_components": {"mlp_term": -0.08085088571441318, "feature_similarity_term": 0.30000035762786864, "feature_knn_term": 0.0, "graph_neighbor_term": 0.010549586860637165, "compatibility_term": 0.08319604589443726}}, {"node_id": 31, "mlp_pred": 3, "mlp_max_prob": 0.9638630151748657, "mlp_margin": 0.9391031935811043, "was_uncertain": false, "final_pred": 3, "changed_from_mlp": false, "selected_threshold_high": 0.05, "selected_method_mode": "feature_first_selective_weighted_correction_v1", "winning_class_components": {"mlp_term": -0.03680609490982632, "feature_similarity_term": 0.3000003933906555, "feature_knn_term": 0.0, "graph_neighbor_term": 0.05806358831946287, "compatibility_term": 0.07895108536655336}}, {"node_id": 33, "mlp_pred": 3, "mlp_max_prob": 0.9905197620391846, "mlp_margin": 0.9843800691887736, "was_uncertain": false, "final_pred": 3, "changed_from_mlp": false, "selected_threshold_high": 0.05, "selected_method_mode": "feature_first_selective_weighted_correction_v1", "winning_class_components": {"mlp_term": -0.009525461463374695, "feature_similarity_term": 0.3000006079673767, "feature_knn_term": 0.0, "graph_neighbor_term": 0.016123248880515195, "compatibility_term": 0.07828694556111797}}, {"node_id": 35, "mlp_pred": 4, "mlp_max_prob": 0.8675976395606995, "mlp_margin": 0.8143340907990932, "was_uncertain": false, "final_pred": 4, "changed_from_mlp": false, "selected_threshold_high": 0.05, "selected_method_mode": "feature_first_selective_weighted_correction_v1", "winning_class_components": {"mlp_term": -0.14202722068699208, "feature_similarity_term": 0.3000001072883606, "feature_knn_term": 0.0, "graph_neighbor_term": 0.017932629689194016, "compatibility_term": 0.05738042392178886}}, {"node_id": 39, "mlp_pred": 3, "mlp_max_prob": 0.49558618664741516, "mlp_margin": 0.12556108832359314, "was_uncertain": false, "final_pred": 3, "changed_from_mlp": false, "selected_threshold_high": 0.05, "selected_method_mode": "feature_first_selective_weighted_correction_v1", "winning_class_components": {"mlp_term": -0.7020140015941617, "feature_similarity_term": 0.30000064373016355, "feature_knn_term": 0.0, "graph_neighbor_term": 0.04010702363454395, "compatibility_term": 0.07158101673579716}}, {"node_id": 41, "mlp_pred": 4, "mlp_max_prob": 0.9451215863227844, "mlp_margin": 0.9096506349742413, "was_uncertain": false, "final_pred": 4, "changed_from_mlp": false, "selected_threshold_high": 0.05, "selected_method_mode": "feature_first_selective_weighted_correction_v1", "winning_class_components": {"mlp_term": -0.05644169698930604, "feature_similarity_term": 0.3000004649162292, "feature_knn_term": 0.0, "graph_neighbor_term": 0.010951588276276493, "compatibility_term": 0.06695334434860471}}, {"node_id": 48, "mlp_pred": 0, "mlp_max_prob": 0.9640402793884277, "mlp_margin": 0.9484738679602742, "was_uncertain": false, "final_pred": 0, "changed_from_mlp": false, "selected_threshold_high": 0.05, "selected_method_mode": "feature_first_selective_weighted_correction_v1", "winning_class_components": {"mlp_term": -0.03662220164654757, "feature_similarity_term": 0.3000006079673767, "feature_knn_term": 0.0, "graph_neighbor_term": 0.0, "compatibility_term": 0.10714285714285712}}, {"node_id": 56, "mlp_pred": 2, "mlp_max_prob": 0.8974182605743408, "mlp_margin": 0.8615529984235764, "was_uncertain": false, "final_pred": 2, "changed_from_mlp": false, "selected_threshold_high": 0.05, "selected_method_mode": "feature_first_selective_weighted_correction_v1", "winning_class_components": {"mlp_term": -0.10823323733622309, "feature_similarity_term": 0.3000008583068848, "feature_knn_term": 0.0, "graph_neighbor_term": 0.05677435949907243, "compatibility_term": 0.1008545179168333}}, {"node_id": 60, "mlp_pred": 4, "mlp_max_prob": 0.9379425048828125, "mlp_margin": 0.9138663914054632, "was_uncertain": false, "final_pred": 4, "changed_from_mlp": false, "selected_threshold_high": 0.05, "selected_method_mode": "feature_first_selective_weighted_correction_v1", "winning_class_components": {"mlp_term": -0.06406662728865609, "feature_similarity_term": 0.30000025033950806, "feature_knn_term": 0.0, "graph_neighbor_term": 0.04552541921535213, "compatibility_term": 0.06359335509394937}}, {"node_id": 63, "mlp_pred": 3, "mlp_max_prob": 0.9987462759017944, "mlp_margin": 0.9981597964069806, "was_uncertain": false, "final_pred": 3, "changed_from_mlp": false, "selected_threshold_high": 0.05, "selected_method_mode": "feature_first_selective_weighted_correction_v1", "winning_class_components": {"mlp_term": -0.0012545106677589785, "feature_similarity_term": 0.30000075101852414, "feature_knn_term": 0.0, "graph_neighbor_term": 0.02553759607604235, "compatibility_term": 0.0664569209934693}}, {"node_id": 69, "mlp_pred": 3, "mlp_max_prob": 0.9881713390350342, "mlp_margin": 0.9826530907303095, "was_uncertain": false, "final_pred": 3, "changed_from_mlp": false, "selected_threshold_high": 0.05, "selected_method_mode": "feature_first_selective_weighted_correction_v1", "winning_class_components": {"mlp_term": -0.011899176193846799,