{
  "output_tag": "manuscript_final_validation_main",
  "generated_at": "2026-03-18T20:25:00",
  "datasets": {
    "actor": {
      "mlp_only": null,
      "prop_only": {
        "mean": 0.32129385964912277,
        "std": 0.01889008407177805,
        "n": 30,
        "runs": [
          0.3348684210526316,
          0.31973684210526315,
          0.35855263157894735,
          0.31842105263157894,
          0.30986842105263157,
          0.29605263157894735,
          0.325,
          0.29539473684210527,
          0.3335526315789474,
          0.32894736842105265,
          0.3092105263157895,
          0.3480263157894737,
          0.3105263157894737,
          0.325,
          0.3263157894736842,
          0.3368421052631579,
          0.31973684210526315,
          0.33092105263157895,
          0.29736842105263156,
          0.30328947368421055,
          0.34210526315789475,
          0.30657894736842106,
          0.3355263157894737,
          0.31776315789473686,
          0.30197368421052634,
          0.2855263157894737,
          0.29276315789473684,
          0.3605263157894737,
          0.33223684210526316,
          0.3361842105263158
        ],
        "mean_runtime_sec": 66.7816445183591
      },
      "selective_graph_correction": null,
      "prop_mlp_select": null
    },
    "chameleon": {
      "mlp_only": null,
      "prop_only": {
        "mean": 0.3818713450292398,
        "std": 0.041178010751788,
        "n": 30,
        "runs": [
          0.3157894736842105,
          0.3706140350877193,
          0.4100877192982456,
          0.4166666666666667,
          0.35526315789473684,
          0.4517543859649123,
          0.3267543859649123,
          0.2982456140350877,
          0.33114035087719296,
          0.4144736842105263,
          0.3815789473684211,
          0.40789473684210525,
          0.34210526315789475,
          0.3333333333333333,
          0.3793859649122807,
          0.3793859649122807,
          0.38596491228070173,
          0.3574561403508772,
          0.37280701754385964,
          0.3618421052631579,
          0.4166666666666667,
          0.4451754385964912,
          0.46710526315789475,
          0.43859649122807015,
          0.35526315789473684,
          0.3508771929824561,
          0.3793859649122807,
          0.4232456140350877,
          0.39035087719298245,
          0.3969298245614035
        ],
        "mean_runtime_sec": 49.52399328750325
      },
      "selective_graph_correction": null,
      "prop_mlp_select": null
    },
    "citeseer": {
      "mlp_only": null,
      "prop_only": {
        "mean": 0.6814682607135437,
        "std": 0.03772337567932723,
        "n": 30,
        "runs": [
          0.581081081081081,
          0.6351351351351351,
          0.6576576576576577,
          0.7192192192192193,
          0.7147147147147147,
          0.7027027027027027,
          0.6891891891891891,
          0.6951951951951952,
          0.6636636636636637,
          0.7147147147147147,
          0.7102102102102102,
          0.7207207207207207,
          0.7051886792452831,
          0.7099056603773585,
          0.660377358490566,
          0.5943396226415094,
          0.6391509433962265,
          0.6155660377358491,
          0.6966966966966966,
          0.6636636636636637,
          0.7057057057057057,
          0.7177177177177178,
          0.7342342342342343,
          0.7117117117117117,
          0.6666666666666666,
          0.6711711711711712,
          0.6636636636636637,
          0.6966966966966966,
          0.6906906906906907,
          0.6966966966966966
        ],
        "mean_runtime_sec": 43.04759941924907
      },
      "selective_graph_correction": null,
      "prop_mlp_select": null
    },
    "cora": {
      "mlp_only": null,
      "prop_only": {
        "mean": 0.8141515761234072,
        "std": 0.026128464782132828,
        "n": 30,
        "runs": [
          0.7364185110663984,
          0.7987927565392354,
          0.7967806841046278,
          0.8289738430583501,
          0.8329979879275654,
          0.806841046277666,
          0.8531187122736419,
          0.8551307847082495,
          0.8672032193158954,
          0.8289738430583501,
          0.8390342052313883,
          0.8249496981891348,
          0.8209255533199196,
          0.8189134808853119,
          0.8229376257545271,
          0.8128772635814889,
          0.8128772635814889,
          0.8088531187122736,
          0.7746478873239436,
          0.7987927565392354,
          0.7947686116700201,
          0.8329979879275654,
          0.8309859154929577,
          0.8350100603621731,
          0.8169014084507042,
          0.8148893360160966,
          0.7907444668008048,
          0.806841046277666,
          0.7766599597585513,
          0.7847082494969819
        ],
        "mean_runtime_sec": 17.786260367382784
      },
      "selective_graph_correction": null,
      "prop_mlp_select": null
    },
    "cornell": {
      "mlp_only": null,
      "prop_only": {
        "mean": 0.5009009009009009,
        "std": 0.08874674130468288,
        "n": 30,
        "runs": [
          0.5675675675675675,
          0.5675675675675675,
          0.5675675675675675,
          0.3783783783783784,
          0.32432432432432434,
          0.40540540540540543,
          0.5135135135135135,
          0.43243243243243246,
          0.5405405405405406,
          0.6216216216216216,
          0.6216216216216216,
          0.5405405405405406,
          0.5945945945945946,
          0.5675675675675675,
          0.6216216216216216,
          0.5135135135135135,
          0.5135135135135135,
          0.5405405405405406,
          0.4864864864864865,
          0.5405405405405406,
          0.4864864864864865,
          0.5405405405405406,
          0.5675675675675675,
          0.5675675675675675,
          0.32432432432432434,
          0.32432432432432434,
          0.35135135135135137,
          0.4594594594594595,
          0.4594594594594595,
          0.4864864864864865
        ],
        "mean_runtime_sec": 1.2734492263717887
      },
      "selective_graph_correction": null,
      "prop_mlp_select": null
    },
    "texas": {
      "mlp_only": null,
      "prop_only": {
        "mean": 0.5702702702702702,
        "std": 0.10545159533111292,
        "n": 30,
        "runs": [
          0.5675675675675675,
          0.6216216216216216,
          0.5675675675675675,
          0.6756756756756757,
          0.6486486486486487,
          0.6216216216216216,
          0.5135135135135135,
          0.5135135135135135,
          0.5135135135135135,
          0.6756756756756757,
          0.6756756756756757,
          0.6486486486486487,
          0.5135135135135135,
          0.5135135135135135,
          0.4594594594594595,
          0.6216216216216216,
          0.5945945945945946,
          0.6486486486486487,
          0.5945945945945946,
          0.5945945945945946,
          0.5945945945945946,
          0.6216216216216216,
          0.5945945945945946,
          0.5945945945945946,
          0.2972972972972973,
          0.32432432432432434,
          0.2972972972972973,
          0.6486486486486487,
          0.6486486486486487,
          0.7027027027027027
        ],
        "mean_runtime_sec": 1.3065426197756702
      },
      "selective_graph_correction": null,
      "prop_mlp_select": null
    },
    "wisconsin": {
      "mlp_only": null,
      "prop_only": {
        "mean": 0.538562091503268,
        "std": 0.08735704285805815,
        "n": 30,